1,1001,5004,2025-05-02 14:41:15,"Google Merchandise Store에서 구매한 Google 백팩, 정말 만족스럽습니다! 깔끔하고 세련된 디자인이 어디에나 잘 어울려서 매일 들고 다니게 되네요. 수납 공간도 넉넉해서 노트북, 책, 개인 소지품까지 모두 깔끔하게 정리됩니다. 특히 어깨끈이 편안해서 무거운 짐을 넣어도 어깨에 부담이 덜한 점이 가장 마음에 들어요. 튼튼한 재질 덕분에 오래 사용할 수 있을 것 같고, 배송도 빨라서 기다리는 시간 없이 바로 사용할 수 있었습니다. Google 백팩, 적극 추천합니다!",Facebook,@FacebookUser_1001_391
2,1002,5007,2025-05-17 9:49:03,"구글 머천다이즈 스토어에서 구매한 Google 백팩, 정말 만족스럽습니다! 평소 심플하면서도 실용적인 디자인을 선호하는데, Google 백팩은 딱 제가 원하던 스타일이었어요. 넉넉한 수납공간 덕분에 노트북, 책, 텀블러 등 짐이 많은 날에도 문제없습니다. 특히 백팩 안쪽에 다양한 크기의 포켓이 있어서 물건을 정리하기에도 편리했습니다.백팩 재질도 튼튼해서 오랫동안 사용할 수 있을 것 같고, 어깨끈도 폭신해서 장시간 착용해도 어깨에 부담이 덜했습니다. 배송도 빨랐고, 포장도 꼼꼼하게 되어 있어서 기분 좋게 받았습니다. Google 백팩 덕분에 매일 아침 출근길이 더욱 즐거워졌습니다. 고민하시는 분들께 적극 추천합니다!",Twitter,@TwitterUser_1002_618
3,1003,5001,2024-11-29 7:26:30," 크롬캐스트 사용 후기: 삶의 질이 달라졌어요!구글 머천다이즈 스토어에서 구매한 크롬캐스트, 정말 만족스럽습니다! 평소 스마트폰으로 보던 영상이나 사진을 TV로 간편하게 볼 수 있게 되어 삶의 질이 한층 높아졌습니다. 설치도 너무 간단해서 설명서 한 번 쓱 읽어보니 바로 연결되더라고요.특히 저는 유튜브나 넷플릭스를 자주 보는데, 크롬캐스트를 통해 TV의 큰 화면으로 감상하니 몰입감이 훨씬 좋습니다. 화질도 깨끗하고 끊김 없이 부드럽게 재생되는 점도 마음에 들고요.디자인도 깔끔하고 작아서 TV 뒤에 숨겨두니 전혀 눈에 거슬리지 않습니다. 리모컨 없이 스마트폰으로 모든 기능을 제어할 수 있다는 점도 매우 편리합니다. 배송도 빨랐고 포장도 꼼꼼하게 되어 있어서 기분 좋게 사용할 수 있었습니다. 크롬캐스트 덕분에 집에서 보내는 시간이 더욱 즐거워졌습니다. 주변 사람들에게도 강력 추천하고 싶네요!",네이버카페,@Naver카페User_1003_138
4,1004,5004,2025-03-02 11:56:54,"Google Merchandise Store에서 구매한 Google 로고 티셔츠에 대한 솔직한 후기입니다. 평소 심플한 디자인을 선호하는 편인데, Google 로고 티셔츠는 과하지 않으면서도 세련된 느낌을 줘서 보자마자 마음에 쏙 들었습니다. 재질도 너무 얇거나 두껍지 않고 적당해서 착용감이 정말 편안합니다. 땀 흡수도 잘 되는 것 같아서 여름에도 쾌적하게 입을 수 있을 것 같아요.배송도 빨라서 주문하고 며칠 안 돼서 받아볼 수 있었습니다. 포장도 깔끔하게 되어 있어서 받는 순간부터 기분이 좋았습니다. 세탁 후에도 변형이 거의 없고, 프린팅도 튼튼해서 오랫동안 잘 입을 수 있을 것 같습니다. 전체적으로 가격 대비 품질이 매우 만족스러워서 다른 색상으로 몇 장 더 구매할 의향이 있습니다. Google 로고 티셔츠, 정말 잘 산 것 같아요! 적극 추천합니다.",Facebook,@FacebookUser_1004_320
5,1005,5008,2025-05-16 16:54:16,"Google Merchandise Store에서 구매한 Pixel 폰 케이스에 대한 솔직한 후기입니다. 디자인 자체는 Pixel 특유의 깔끔함을 잘 살려 만족스러웠으나, 실사용에서 몇 가지 아쉬운 점이 있었습니다.우선, 케이스의 재질이 생각보다 미끄러워 그립감이 좋지 않았습니다. 폰을 자주 떨어뜨리는 편은 아니지만, 가끔 불안한 느낌이 들 때가 있어 아쉬웠습니다. 또한, 케이스 모서리 부분이 쉽게 마모되는 경향이 있어 내구성이 조금 떨어지는 것 같습니다. 며칠 사용하지 않았는데도 불구하고 벌써 생활 스크래치가 눈에 띄어 속상합니다.Pixel 폰 케이스의 가격을 고려했을 때, 이러한 내구성과 그립감 문제는 개선될 필요가 있다고 생각합니다. 디자인은 훌륭하지만, 실용적인 측면에서 조금 더 신경 써주시면 좋겠습니다. 앞으로 더 나은 품질의 제품을 기대하며, 이번 리뷰가 제품 개선에 도움이 되기를 바랍니다.",YouTube,@YouTubeUser_1005_694
6,1006,5001,2025-02-06 10:25:49,"최근 구글 머천다이즈 스토어에서 크롬캐스트를 구매하여 사용해 보았습니다. 기대가 컸던 만큼 아쉬움도 남습니다.가장 불편했던 점은 잦은 연결 끊김 현상입니다. 영상을 시청하는 도중 갑자기 연결이 끊어져 다시 연결해야 하는 경우가 빈번하게 발생했습니다. 와이파이 신호가 약한 것도 아닌데, 왜 이런 문제가 발생하는지 이해하기 어렵습니다.또한, 크롬캐스트 자체의 발열 문제도 신경 쓰입니다. 장시간 사용 시 기기가 눈에 띄게 뜨거워져 혹시 고장으로 이어질까 우려됩니다.전반적으로 크롬캐스트의 기능 자체는 만족스럽지만, 안정적인 연결성과 발열 문제 개선이 필요하다고 생각합니다. 다음 버전에서는 이러한 문제점들이 해결되어 더 나은 사용 경험을 제공해 주길 바랍니다.",블로그,@BlogUser_1006_370
7,1007,5006,2024-11-11 8:48:23,"최근에 Google Merchandise Store에서 구매한 Google 스마트 스피커에 대한 만족도가 매우 높아 리뷰를 남깁니다. 디자인이 깔끔하고 어느 인테리어에도 잘 어울려서 거실에 두니 인테리어 효과도 톡톡히 보는 것 같습니다.무엇보다 ""헤이 구글"" 한 마디로 음악 재생, 날씨 확인, 알람 설정 등 다양한 기능을 음성으로 제어할 수 있다는 점이 정말 편리합니다. 요리하거나 책을 읽을 때 특히 유용하게 사용하고 있습니다. 음질 또한 기대 이상으로 풍부하고 깨끗해서 음악 감상하는 즐거움이 더 커졌습니다.Google 스마트 스피커 덕분에 일상생활이 더욱 편리하고 풍요로워졌습니다. 구매를 망설이시는 분들께 적극 추천합니다. 배송도 빨랐고 포장도 꼼꼼하게 되어 있어서 만족스러웠습니다.",네이버카페,@Naver카페User_1007_121
8,1008,5005,2025-03-17 20:32:07,"Google 로고 티셔츠 구매 후기입니다. 평소 심플하면서도 개성 있는 디자인을 선호하는 편인데, 이 티셔츠가 딱 그런 제 취향에 부합했습니다. 깔끔한 Google 로고가 과하지 않으면서도 포인트를 줘서 마음에 듭니다.무엇보다 티셔츠의 품질이 상당히 좋습니다. 면 소재가 부드럽고 탄탄해서 여러 번 세탁해도 변형이 없을 것 같아요. 착용감도 편안해서 매일 입고 싶을 정도입니다. 배송도 빨라서 주문하고 금방 받아볼 수 있었습니다. 전체적으로 아주 만족스러운 구매 경험이었고, 다른 색상으로 하나 더 구매할 의향이 있습니다.",블로그,@BlogUser_1008_455
9,1009,5002,2024-12-08 1:43:03,"Google Merchandise Store에서 구매한 Google 백팩, 정말 만족스럽습니다! 깔끔한 디자인이 마음에 들어서 보자마자 바로 구매했는데, 실제로 받아보니 훨씬 더 고급스럽고 예뻐서 놀랐습니다. 특히 Google 로고가 과하지 않게 들어가 있어서 어떤 옷차림에도 잘 어울립니다.수납 공간도 넉넉해서 노트북, 책, 개인 소지품 등을 충분히 넣을 수 있고, 가방 안쪽에도 다양한 포켓이 있어서 물건을 정리하기가 정말 편리합니다. 어깨끈도 튼튼하고 쿠션감이 좋아서 장시간 메고 다녀도 어깨에 부담이 적습니다.무엇보다 마감 처리가 꼼꼼하고 재질도 튼튼해서 오래 사용할 수 있을 것 같습니다. 배송도 빨라서 기다리는 시간이 지루하지 않았습니다. 전반적으로 디자인, 기능, 품질 모두 훌륭한 Google 백팩이라고 생각합니다. 강력 추천합니다!",Instagram,@InstagramUser_1009_257
10,1010,5002,2025-05-15 3:17:56,"며칠 전 Google Merchandise Store에서 구매한 Google 스마트 스피커를 드디어 사용해 보았습니다. 인공지능 비서 기능 자체는 기대했던 만큼 편리했지만, 몇 가지 아쉬운 점이 있었습니다.우선, 스피커의 음질이 생각보다 좋지 않았습니다. 특히 저음 부분이 약해서 음악 감상 시 풍부한 사운드를 느끼기 어려웠습니다. 또한, 가끔씩 Wi-Fi 연결이 불안정해 끊김 현상이 발생하기도 했습니다.배송 과정에서도 약간의 문제가 있었습니다. 배송 예정일보다 2일 정도 늦게 도착했고, 포장 상태도 완벽하지 않아 제품에 흠집이 생길까 봐 염려되었습니다.Google 스마트 스피커의 전반적인 기능은 만족스럽지만, 음질 개선과 안정적인 연결, 그리고 배송 과정에 대한 개선이 필요하다고 생각합니다. 다음 버전에서는 이러한 문제점들이 개선되기를 기대합니다.",블로그,@BlogUser_1010_974
11,1011,5006,2025-06-02 11:40:20,"Google Merchandise Store에서 구매한 Google 후드티에 대한 솔직한 후기입니다. 디자인은 깔끔하고 마음에 들었지만, 몇 가지 아쉬운 점이 있어 솔직하게 말씀드립니다.우선, 기대했던 것보다 원단이 다소 얇게 느껴졌습니다. 몇 번 세탁하니 약간의 변형도 있는 듯하여 내구성이 조금 걱정됩니다. Google이라는 브랜드 가치를 생각했을 때, 좀 더 탄탄하고 오래 입을 수 있는 품질이었다면 좋았을 것 같습니다.배송 과정도 조금 불편했습니다. 주문 후 배송까지 시간이 꽤 걸렸고, 배송 추적 정보 업데이트도 늦어 답답했습니다.Google 후드티 자체는 디자인적으로 만족스럽지만, 원단의 품질과 배송 서비스 개선이 이루어진다면 더욱 많은 고객들이 만족할 수 있을 것이라고 생각합니다. 다음에는 더 나은 품질의 제품을 기대해 봅니다.",X,@XUser_1011_414
12,1012,5001,2025-05-18 6:51:39,"최근에 Google Merchandise Store에서 구매한 Google 스마트 스피커에 대한 리뷰입니다. 평소 스마트 기기에 관심이 많아 여러 제품을 사용해 봤지만, Google 스마트 스피커는 정말 만족스럽습니다.무엇보다 깔끔하고 모던한 디자인이 인테리어에 자연스럽게 어울려서 좋습니다. 음질 또한 기대 이상으로 풍부하고 깨끗해서 음악 감상이나 팟캐스트 청취 시 몰입감을 높여줍니다.특히 Google 어시스턴트와의 연동은 정말 편리합니다. 음성 명령으로 음악 재생, 뉴스 확인, 날씨 정보 확인 등 다양한 기능을 손쉽게 사용할 수 있습니다. 바쁜 아침 시간에 ""오늘 일정 알려줘"" 한마디면 하루 일정을 브리핑해주니 정말 유용합니다.배송도 빨랐고, 포장도 꼼꼼하게 되어 있어서 안전하게 제품을 받을 수 있었습니다. 전체적으로 디자인, 기능, 품질 모두 만족스러워서 주변 사람들에게도 적극 추천하고 싶습니다. Google 스마트 스피커 덕분에 삶이 더욱 편리해졌습니다.",Twitter,@TwitterUser_1012_467
13,1013,5009,2025-06-28 17:36:04,"며칠 전에 구글 머천다이즈 스토어에서 구매한 Pixel 폰 케이스를 사용해본 후기를 남깁니다. 솔직히 말해서 기대 이상으로 만족스러워서 다른 분들에게도 강력 추천하고 싶습니다.우선 디자인이 정말 깔끔하고 Pixel 폰과 완벽하게 어울립니다. 색상도 화면에서 보는 것과 똑같고, 질감도 고급스러워서 폰을 더욱 돋보이게 해줍니다. 케이스를 씌우니 폰 자체가 훨씬 세련되어 보이는 느낌입니다.기능적인 면에서도 매우 훌륭합니다. Pixel 폰 케이스는 그립감이 정말 좋아서 미끄러질 염려 없이 안정적으로 사용할 수 있습니다. 버튼 누르는 감촉도 부드럽고, 케이블 연결이나 스피커 사용에도 전혀 불편함이 없습니다. 폰을 완벽하게 보호해주는 든든함도 느껴집니다.배송도 빨랐고, 포장도 꼼꼼하게 되어 있어서 제품을 안전하게 받을 수 있었습니다. 전반적으로 가격 대비 퀄리티가 매우 뛰어나다고 생각합니다. Pixel 폰을 사용하시는 분이라면 꼭 한번 사용해보시길 추천드립니다. 후회하지 않으실 거예요!",Facebook,@FacebookUser_1013_388
14,1014,5005,2025-02-14 18:29:50,"Google 에코백, 드디어 제 손에 들어왔네요! 깔끔한 디자인에 반해서 망설임 없이 구매했는데, 받아보니 기대 이상입니다. 튼튼한 재질 덕분에 책이나 노트북을 넣어도 안심이고, 어깨에 메었을 때 착용감도 정말 편안합니다. 특히 Google 로고가 은은하게 들어가 있어서 어떤 옷차림에도 잘 어울리는 점이 마음에 듭니다. 평소에 짐이 많은 편이라 큰 가방을 선호하는데, Google 에코백은 수납 공간도 넉넉해서 아주 유용하게 사용하고 있습니다. 배송도 빨랐고, 포장도 꼼꼼하게 되어 있어서 기분 좋게 받았네요. 앞으로도 자주 애용할 것 같습니다!",YouTube,@YouTubeUser_1014_500
15,1015,5010,2024-11-01 21:19:53,"Google Merchandise Store Google 로고 티셔츠 구매 후기평소 Google을 좋아해서 Google 로고 티셔츠를 구매했습니다. 기대했던 것보다 훨씬 만족스럽습니다. 우선 티셔츠 재질이 정말 좋습니다. 부드럽고 착용감이 뛰어나서 하루 종일 입고 있어도 불편함이 없습니다. 땀 흡수도 잘 되는 것 같아 여름에도 쾌적하게 입을 수 있을 것 같아요.Google 로고 디자인도 깔끔하고 예뻐서 캐주얼하게 코디하기 좋습니다. 청바지나 면바지 어디에나 잘 어울려서 활용도가 높습니다. 무엇보다 세탁 후에도 변형이 거의 없다는 점이 마음에 듭니다. 꼼꼼한 박음질 덕분인지 내구성도 좋아 보입니다. 배송도 빨랐고, 포장도 깔끔하게 되어 있어서 선물 받는 기분이었습니다. 앞으로도 Google Merchandise Store를 자주 이용할 것 같습니다. 좋은 품질의 Google 로고 티셔츠를 판매해 주셔서 감사합니다. 적극 추천합니다!",네이버카페,@Naver카페User_1015_159
16,1016,5003,2024-12-14 2:05:29,"구글 머천다이즈 스토어에서 구매한 네스트 허브, 정말 만족스럽습니다! 깔끔하고 모던한 디자인 덕분에 어느 인테리어에도 잘 어울려서 거실에 두니 집안 분위기가 한층 더 세련되어졌습니다. 터치스크린 반응 속도도 빠르고, 직관적인 인터페이스 덕분에 어르신들도 쉽게 사용하실 수 있을 것 같아요. 특히 구글 어시스턴트 연동이 정말 편리합니다. ""오늘 날씨 알려줘"" 한마디면 바로 날씨 정보를 확인할 수 있고, 음악 감상도 간편하게 할 수 있어서 삶의 질이 향상된 기분입니다. 배송도 꼼꼼하게 포장되어 빠르게 도착했고, 전체적으로 품질도 매우 만족스럽습니다. 네스트 허브 덕분에 스마트한 라이프를 즐길 수 있게 되어 매우 만족합니다!",Facebook,@FacebookUser_1016_743
17,1017,5008,2025-03-06 15:05:33,"Google 로고 티셔츠 구매 후기입니다. 평소에 구글 굿즈에 관심이 많았는데, 심플한 디자인의 이 티셔츠가 눈에 띄어 구매하게 되었습니다.받아보니 면 재질이 생각보다 좋아서 놀랐습니다. 부드럽고 착용감이 편안해서 자주 손이 갑니다. 깔끔한 로고 덕분에 캐주얼하게 어디에나 잘 어울리는 점도 마음에 들고요. 주변에서도 예쁘다는 말을 많이 듣습니다.다만, 아쉬운 점은 세탁 후 약간의 수축이 있다는 것입니다. 사이즈 선택 시 이 점을 고려해야 할 것 같습니다. 그리고 흰색이라 그런지 약간 비치는 감이 있어서 안에 이너를 신경 써서 입어야 합니다. 이런 부분만 개선된다면 더 완벽한 티셔츠가 될 것 같습니다. 그래도 전체적으로는 만족스러운 구매였습니다.",Twitter,@TwitterUser_1017_707
18,1018,5009,2025-01-16 4:18:51,"Google Merchandise Store에서 구매한 Google 에코백을 드디어 사용해 봤습니다. 깔끔한 디자인에 Google 로고가 심플하게 박혀 있어서 어디든 잘 어울리는 점이 마음에 듭니다. 특히 튼튼한 재질 덕분에 책이나 노트북 등 무거운 물건을 넣어도 안심이 됩니다. 평소에 짐이 많은 편이라 가방 무게에 민감한데, 이 에코백은 가벼워서 부담이 없었습니다.다만, 아쉬운 점도 있습니다. 내부 포켓이 하나라도 있었으면 소지품을 분리해서 보관하기 더 편리했을 것 같습니다. 그리고 생각보다 폭이 좁아서 부피가 큰 물건을 넣기에는 조금 불편합니다. 그래도 전체적으로 디자인, 내구성 모두 만족스러운 Google 에코백입니다. 데일리백으로 활용하기 좋을 것 같습니다.",네이버카페,@Naver카페User_1018_621
19,1019,5001,2025-06-24 18:00:45,"Google Merchandise Store에서 구매한 Google 스마트 스피커 사용 후기입니다. 평소 궁금했던 제품이었는데, 기대했던 만큼 편리한 기능들이 많아서 만족스럽습니다. 특히 음성으로 간편하게 음악을 재생하거나 날씨를 확인할 수 있다는 점이 매우 유용합니다. 집안일하면서도 편하게 사용할 수 있어 삶의 질이 향상된 기분입니다.다만, 한국어 음성 인식률이 완벽하지 않은 경우가 종종 있어 아쉬움을 남깁니다. 특히, 복잡한 문장이나 고유 명사를 인식하는 데 어려움을 겪을 때가 있습니다. 이 부분은 꾸준한 소프트웨어 업데이트를 통해 개선되기를 기대합니다.전반적으로 Google 스마트 스피커는 편리한 스마트홈 환경을 구축하는 데 도움이 되는 제품이라고 생각합니다. 음성 인식률 개선이라는 숙제는 남아있지만, 앞으로의 발전 가능성이 더욱 기대되는 제품입니다.",YouTube,@YouTubeUser_1019_510
20,1020,5010,2024-11-22 17:06:34,"며칠 전 Google Merchandise Store에서 구매한 'Google 후드티'를 드디어 받았습니다. 평소에 심플하면서도 개성 있는 디자인을 선호하는데, Google 후드티는 딱 제가 찾던 스타일이었어요. 특히 마음에 들었던 부분은 후드티의 질감입니다. 부드러운 면 소재를 사용해서 착용감이 정말 좋고, 활동하기에도 편안합니다. 세탁 후에도 변형이 거의 없고, 색상도 그대로 유지되는 점이 만족스럽습니다. 무엇보다 Google 로고가 과하지 않게 들어가 있어서 캐주얼하면서도 세련된 느낌을 줍니다. 평소에 청바지나 슬랙스에 매치해서 자주 입고 다니는데, 어떤 옷에도 잘 어울려서 활용도가 높습니다. 배송도 빨랐고, 포장 상태도 꼼꼼해서 기분 좋게 받을 수 있었습니다. 앞으로도 Google Merchandise Store에서 좋은 상품 많이 판매해 주시면 좋겠습니다!",X,@XUser_1020_789
21,1021,5003,2025-03-22 0:49:03,"제목: 크롬캐스트, 삶의 질을 높여주는 마법!평소 유튜브나 넷플릭스를 TV로 보고 싶었는데, 드디어 크롬캐스트를 구매하게 되었습니다. 설치는 정말 간단했고, 설명서대로 따라 하니 5분도 안 돼서 연결이 완료되었어요. 스마트폰으로 간편하게 영상을 TV로 전송할 수 있다는 점이 가장 마음에 듭니다.화질도 정말 깨끗하고 끊김 없이 부드럽게 재생돼서 영화 감상하는 재미가 훨씬 늘었어요. 이전에는 작은 스마트폰 화면으로 보느라 눈이 아팠는데, 이제는 큰 TV 화면으로 편안하게 즐길 수 있게 되었습니다. 디자인도 깔끔해서 TV 주변 인테리어와도 잘 어울리고, 배송도 빨라서 기다리는 시간이 지루하지 않았습니다. 크롬캐스트 덕분에 집에서 보내는 시간이 더욱 즐거워졌습니다. 정말 강력 추천합니다!",Threads,@ThreadsUser_1021_282
22,1022,5006,2024-11-11 21:47:43,"Google 후드티 리뷰:Google Merchandise Store에서 구매한 Google 후드티, 정말 만족스럽습니다! 평소 심플하면서도 세련된 디자인을 선호하는데, 딱 제가 원하던 스타일입니다. Google 로고가 과하지 않게 들어가 있어서 어떤 옷에도 잘 어울리고, 캐주얼하면서도 멋스러운 느낌을 줍니다.무엇보다 마음에 드는 건 훌륭한 품질입니다. 부드러운 면 소재가 피부에 닿는 느낌이 너무 좋고, 몇 번 세탁했는데도 변형 없이 처음 모습 그대로입니다. 꼼꼼한 마감 처리 덕분에 오래 입을 수 있을 것 같아요.기대 이상으로 따뜻해서 요즘처럼 쌀쌀한 날씨에 가볍게 걸치기 좋습니다. 집에서 편하게 입기에도 좋고, 외출할 때도 손이 자주 갑니다. 배송도 빨라서 기다리는 시간이 지루하지 않았습니다. Google 후드티, 고민하신다면 주저하지 말고 구매하세요! 강력 추천합니다.",블로그,@BlogUser_1022_397
23,1023,5006,2025-01-01 7:05:01,"네스트 허브를 사용한 지 한 달 정도 되었는데, 삶의 질이 помітно 향상되었습니다. 깔끔하고 모던한 디자인은 어느 인테리어에도 잘 어울려서 거실에 두었을 때 더욱 빛을 발합니다. 특히 음성 인식 기능이 매우 뛰어나서 요리 중에도 손쉽게 음악을 재생하거나 레시피를 확인할 수 있어서 정말 편리합니다.처음에는 화면이 작다고 생각했지만, 필요한 정보를 한눈에 보여주는 인터페이스 덕분에 불편함 없이 잘 사용하고 있습니다. 날씨 정보, 캘린더, 알람 설정 등 자주 사용하는 기능들을 음성으로 간편하게 제어할 수 있다는 점이 가장 만족스럽습니다. 배송도 꼼꼼하게 포장되어 빠르게 도착했고, 사용 설명서도 친절하게 안내되어 있어서 설치도 간편했습니다. 네스트 허브 덕분에 스마트한 생활을 누릴 수 있게 되어 매우 만족스럽습니다.",YouTube,@YouTubeUser_1023_852
24,1024,5009,2025-05-26 10:03:36,"평소에 TV로 유튜브나 넷플릭스를 보는 것을 즐겨 하는데, 스마트 TV가 아니라 불편함이 많았습니다. 이번에 구글 머천다이즈 스토어에서 크롬캐스트를 구매하고 나서 삶의 질이 확 올라갔습니다. 설치도 너무 간단해서 설명서 한번 쓱 보고 바로 연결할 수 있었고, 스마트폰으로 간단하게 미러링해서 큰 화면으로 영상을 보니 정말 편리합니다.특히 마음에 드는 점은 끊김 없이 부드럽게 영상이 재생된다는 것입니다. 예전에는 미러링 앱을 사용할 때 잦은 끊김 때문에 짜증이 났었는데, 크롬캐스트는 그런 문제 없이 안정적인 성능을 보여줘서 정말 만족스럽습니다. 디자인도 깔끔하고 작아서 TV 뒤에 숨겨놓으니 눈에 거슬리지도 않네요. 배송도 빨랐고, 포장도 꼼꼼하게 되어 있어서 기분 좋게 제품을 받을 수 있었습니다. 이제 크롬캐스트 없이는 TV 시청이 상상도 안 될 정도입니다. 적극 추천합니다!",X,@XUser_1024_259
25,1025,5009,2024-11-21 17:46:38,"Google Merchandise Store에서 구매한 Google 후드티, 정말 만족스럽습니다! 평소 심플하면서도 멋스러운 디자인을 선호하는데, Google 로고가 은은하게 들어가 있어 과하지 않으면서도 세련된 느낌을 줍니다. 재질도 톡톡하고 부드러워서 착용감이 매우 좋고, 여러 번 세탁해도 변형이 거의 없어 오랫동안 잘 입을 수 있을 것 같습니다.무엇보다 마음에 드는 점은 후드 자체의 퀄리티입니다. 모자를 썼을 때 모양이 흐트러지지 않고 예쁘게 유지되는 점이 특히 만족스럽습니다. 배송도 꼼꼼하게 포장되어 빠르게 도착했고, 사이즈도 정사이즈로 잘 맞아서 불편함 없이 잘 입고 있습니다. 캐주얼한 옷차림에 두루 잘 어울려서 요즘 거의 매일 입고 다닙니다. Google 후드티, 강력 추천합니다!",네이버카페,@Naver카페User_1025_374
26,1026,5008,2025-06-05 9:39:06,"Google Merchandise Store에서 구매한 'Google 로고 티셔츠'에 대한 후기입니다. 디자인은 깔끔하고 마음에 들었지만, 몇 가지 아쉬운 점이 있었습니다.우선, 티셔츠의 재질이 생각보다 얇아서 몇 번 세탁 후에는 쉽게 늘어질 것 같은 느낌이 듭니다. 가격을 고려했을 때 조금 더 튼튼한 재질을 사용했으면 좋았을 것 같습니다. 또한, 배송 과정에서 약간의 지연이 있었던 점도 아쉬웠습니다. 주문 후 꽤 오랜 시간이 지나서야 상품을 받을 수 있었습니다.Google이라는 브랜드 이미지를 생각하면 품질과 배송 서비스 모두 조금 더 개선될 필요가 있다고 생각합니다. 다음에는 더 좋은 품질의 제품과 빠른 배송을 기대해 봅니다.",Threads,@ThreadsUser_1026_746
27,1027,5001,2025-04-05 5:18:27,"Google Merchandise Store Google 후드티 리뷰평소 Google 제품에 대한 애정이 남달라서 Google Merchandise Store를 자주 방문하는데, 이번에 큰맘 먹고 'Google 후드티'를 구매했습니다. 솔직히 가격대가 조금 있어서 망설였지만, 받아보고 나서 그런 고민이 싹 사라졌습니다.일단 디자인이 너무 마음에 들어요. 과하지 않으면서도 Google 특유의 깔끔함이 잘 살아있습니다. 후드티 재질도 정말 좋아서, 부드럽고 포근한 느낌이 계속 입고 싶게 만듭니다. 무엇보다 놀라운 건 착용감입니다. 활동하기 편하도록 디자인되었는지, 어깨나 팔 부분이 전혀 불편하지 않아요. 집에서 편하게 입기도 좋고, 가볍게 외출할 때 걸치기에도 안성맞춤입니다. 세탁 후에도 변형이 거의 없다는 점도 마음에 들어요. 배송도 빨랐고, 포장 상태도 꼼꼼했습니다. Google 후드티, 정말 후회 없는 선택입니다. 오래오래 아껴 입을 거예요!",Facebook,@FacebookUser_1027_441
28,1028,5002,2025-06-12 3:43:57,"Google Merchandise Store Google 로고 티셔츠 구매 후기평소에 Google 제품을 즐겨 사용하는 한 사람으로서, Google 로고 티셔츠를 구매하고 매우 만족스러워서 후기를 남깁니다. 깔끔한 디자인에 Google 로고가 포인트로 들어가 있어 어떤 옷에도 잘 어울립니다. 특히 티셔츠의 재질이 상당히 부드럽고 착용감이 뛰어나 매일 입고 싶을 정도입니다. 세탁 후에도 변형이 거의 없어 오랫동안 입을 수 있을 것 같습니다. 꼼꼼하게 포장되어 빠른 배송으로 받아볼 수 있었던 점도 좋았습니다. 앞으로도 Google Merchandise Store에서 다양한 상품을 구매하고 싶습니다. Google 로고 티셔츠, 정말 추천합니다!",블로그,@BlogUser_1028_560
29,1029,5009,2024-12-07 4:54:49,"Google 에코백을 구매하고 며칠 사용해 본 후기입니다. 평소 심플한 디자인을 선호하는데, Google 로고가 과하지 않게 들어가 있어서 마음에 들었습니다. 특히 튼튼한 재질 덕분에 책이나 노트북을 넣어도 쳐지지 않아 좋았습니다. 생각보다 수납 공간도 넉넉해서 이것저것 많이 넣어 다닐 수 있다는 점도 장점입니다.다만, 아쉬운 점은 에코백 끈이 조금 짧다는 것입니다. 어깨에 메면 약간 불편하게 느껴질 때가 있습니다. 끈 길이를 조금만 더 길게 만들었으면 훨씬 편하게 사용할 수 있을 것 같습니다. 그리고 흰색이라 때가 잘 탈까 봐 조심스럽게 사용하게 되는 점도 약간의 단점이라고 할 수 있겠네요. 전반적으로 디자인이나 내구성은 만족스럽지만, 끈 길이에 대한 아쉬움이 남는 Google 에코백입니다.",Twitter,@TwitterUser_1029_836
30,1030,5002,2025-04-06 13:42:07,"Google 백팩, 정말 만족스러워요!평소 깔끔한 디자인을 선호하는데, Google 백팩은 군더더기 없이 심플하면서도 세련된 디자인이 마음에 쏙 들었습니다. 특히 Google 로고가 은은하게 들어가 있어서 과하지 않으면서도 포인트를 줘요.수납 공간도 넉넉해서 노트북, 책, 각종 소지품을 깔끔하게 정리할 수 있다는 점이 가장 좋았습니다. 가방 자체도 가벼워서 장시간 메고 다녀도 어깨에 부담이 덜하네요. 튼튼한 재질로 만들어진 것 같아 오래 사용할 수 있을 것 같습니다. 배송도 빨라서 기다림 없이 바로 사용할 수 있었어요. Google 백팩, 정말 잘 산 것 같아요! 주변 사람들에게도 적극 추천하고 싶습니다.",Instagram,@InstagramUser_1030_174
31,1031,5008,2025-04-10 1:33:13,"구글 머천다이즈 스토어에서 구매한 네스트 허브, 정말 만족스럽습니다! 깔끔하고 모던한 디자인 덕분에 어느 인테리어에도 잘 어울리고, 집안 분위기를 한층 더 세련되게 만들어 줍니다.특히 음성 인식 기능이 뛰어나서 요리 중이거나 손을 쓸 수 없을 때도 ""OK Google""로 편리하게 조작할 수 있다는 점이 가장 마음에 듭니다. 레시피 검색부터 음악 재생, 알람 설정까지, 생활 속 여러 가지 기능을 음성으로 간편하게 이용할 수 있어 정말 편리합니다.배송도 꼼꼼하게 포장되어 빠르게 도착했고, 사용 설명서도 자세하게 안내되어 있어 초기 설정도 어렵지 않았습니다. 네스트 허브 덕분에 스마트한 홈 라이프를 즐길 수 있게 되어 매우 만족합니다. 주변 사람들에게도 적극 추천하고 싶네요!",블로그,@BlogUser_1031_149
32,1032,5009,2025-04-03 2:20:46,"Google Merchandise Store Google 후드티 구매 후기평소 Google 제품을 애용하는 사람으로서 Google 후드티를 구매해 보았습니다. 디자인은 역시 깔끔하고 Google 특유의 색감이 마음에 듭니다. 특히 기모 안감 덕분에 따뜻하고 착용감도 상당히 좋습니다. 재질도 톡톡해서 퀄리티가 좋다고 느껴집니다.다만, 사이즈 선택에 조금 어려움이 있었습니다. 평소 입는 사이즈보다 약간 크게 나온 듯합니다. 상세 사이즈 표를 꼼꼼히 확인하고 구매하시는 것을 추천드립니다. 그리고 가격대가 조금 있는 편이라 선뜻 구매하기 망설여질 수도 있을 것 같습니다. 그럼에도 불구하고 Google 로고가 주는 만족감과 퀄리티를 생각하면 충분히 값어치를 한다고 생각합니다. 오래도록 잘 입을 수 있을 것 같아요.",YouTube,@YouTubeUser_1032_700
33,1033,5009,2025-05-25 17:35:52,"Google Merchandise Store에서 구매한 'Google 후드티'에 대한 솔직한 후기입니다. 디자인은 깔끔하고 마음에 들었지만, 기대했던 것만큼 품질이 좋지는 않았습니다.우선, 세탁 후 옷감이 심하게 줄어들었습니다. 사이즈 선택에 신중을 기했음에도 불구하고, 몇 번 세탁하니 처음보다 훨씬 작아져서 불편합니다. 또한, 기모 안감의 털 빠짐이 심해서 검은색 옷 위에 입으면 털이 많이 묻어납니다. 이 부분은 개선이 필요하다고 생각합니다.배송도 다소 아쉬웠습니다. 주문 후 배송까지 시간이 꽤 걸렸고, 배송 추적도 원활하지 않았습니다.Google이라는 브랜드 이미지를 고려했을 때, 품질과 배송 서비스 모두 조금 더 신경 써주셨으면 하는 바람입니다. 디자인은 좋지만, 내구성과 실용성을 보완한다면 더욱 만족스러운 제품이 될 것 같습니다.",Facebook,@FacebookUser_1033_279
34,1034,5005,2025-05-31 11:09:42,"Google 스테인리스 물병을 구매하여 사용한 지 한 달 정도 되었습니다. 깔끔한 디자인과 Google 로고가 새겨진 모습이 마음에 들어서 구매를 결정했는데, 전반적으로 만족스럽습니다. 스테인리스 재질이라 위생적이고, 보온/보냉 기능도 꽤 괜찮은 편입니다. 얼음을 넣어두면 꽤 오랫동안 시원하게 유지되어서 여름에 특히 유용하게 잘 사용하고 있습니다.다만, 아쉬운 점도 있습니다. 물병 겉면에 약간의 스크래치가 잘 생기는 편이라 조심해서 사용해야 할 것 같습니다. 그리고 생각보다 무게가 조금 나가는 편이라 휴대성이 아주 뛰어나다고 말하기는 어렵습니다. 그럼에도 불구하고 전체적으로 봤을 때 디자인, 기능 면에서 만족스러워서 앞으로도 꾸준히 잘 사용할 것 같습니다. 'Google 스테인리스 물병'이라는 이름값을 하는 제품이라고 생각합니다.",Facebook,@FacebookUser_1034_897
35,1035,5003,2025-01-22 22:18:26,"Google 로고 티셔츠를 구매하고 매우 만족스러운 경험을 했습니다. 심플하면서도 세련된 Google 로고 디자인이 마음에 쏙 들었고, 어떤 옷에도 잘 어울려서 자주 입게 됩니다. 티셔츠 재질도 부드럽고 착용감이 정말 좋아서 하루 종일 편안하게 입을 수 있었습니다. 세탁 후에도 변형이 거의 없어 품질도 상당히 우수하다고 생각합니다. 배송 또한 빨라서 기다리는 시간이 짧았던 점도 좋았습니다. 평소 Google을 좋아하는데, Google 로고 티셔츠를 입고 다니니 애사심도 더욱 높아지는 것 같습니다. 앞으로도 좋은 상품 많이 판매해주시면 감사하겠습니다.",네이버카페,@Naver카페User_1035_673
36,1036,5002,2024-11-14 4:40:47," 크롬캐스트 사용 후기최근에 Google Merchandise Store에서 크롬캐스트를 구매하여 사용해 보았습니다. 스마트폰이나 태블릿에 있는 영상을 TV로 간편하게 볼 수 있다는 점이 가장 큰 장점인 것 같습니다. 특히 유튜브나 넷플릭스 같은 스트리밍 서비스를 자주 이용하는 저에게는 정말 편리합니다. 복잡한 설정 없이 연결도 간단하고, 화질도 만족스럽습니다.다만, 가끔씩 와이파이 연결이 불안정해 끊기는 현상이 발생하는 점은 아쉽습니다. 그리고 미러링 기능은 완벽하지 않아 화면 딜레이가 약간 느껴지기도 합니다. 그래도 가격 대비 성능은 괜찮다고 생각합니다. 조금 더 안정적인 연결성과 다양한 앱 지원이 추가된다면 더 완벽한 크롬캐스트가 될 것 같습니다. 전반적으로는 만족하며 사용하고 있습니다.",네이버카페,@Naver카페User_1036_251
37,1037,5004,2025-01-03 7:44:27,"Google 머그컵을 구매하여 사용한 지 벌써 한 달이 되었네요. 깔끔한 디자인이 마음에 들어서 업무용으로 사용하고 있습니다. 확실히 책상 위에 올려두니 세련된 느낌이 들고, 용량도 넉넉해서 커피나 차를 마시기에 딱 좋습니다. 특히 Google 로고가 심플하게 박혀 있는 점이 마음에 듭니다.다만, 아쉬운 점도 있습니다. 머그컵 표면에 약간의 스크래치가 쉽게 생기는 것 같아 조심스럽게 사용하고 있습니다. 또한, 가격이 조금 비싼 편이라는 생각이 듭니다. 디자인과 실용성은 만족스럽지만, 가격적인 측면에서는 조금 더 고민해 볼 필요가 있을 것 같습니다.전반적으로는 만족스럽지만, 내구성과 가격 측면에서 개선된다면 더욱 많은 사람들이 만족하며 사용할 수 있는 Google 머그컵이 될 것 같습니다.",Instagram,@InstagramUser_1037_283
38,1038,5005,2025-05-19 2:00:45,"Google 에코백을 구매하고 너무 만족스러워서 후기를 남깁니다. 평소에 심플한 디자인을 선호하는데, Google 로고가 과하지 않게 들어가 있어서 어떤 옷차림에도 잘 어울립니다. 특히 튼튼한 재질이 마음에 들어요. 책이나 노트북을 넣어도 쳐지지 않고 형태를 잘 유지해 줍니다.넉넉한 수납 공간 덕분에 이것저것 많이 넣고 다닐 수 있어서 실용성도 최고입니다. 어깨에 메거나 손으로 들기에도 편안한 길이의 손잡이도 마음에 듭니다. Google 에코백 하나로 외출이 더 즐거워졌습니다. 배송도 빨라서 더욱 만족스러웠습니다. 오래오래 잘 사용할 것 같아요!",Threads,@ThreadsUser_1038_633
39,1039,5005,2024-11-02 5:52:26,"구글 네스트 허브를 구매하고 2주 정도 사용해 본 후 솔직한 후기를 남깁니다. 전반적으로 디자인은 깔끔하고 인테리어 소품으로도 괜찮지만, 기대했던 만큼의 성능은 아니었습니다.가장 아쉬운 점은 음성 인식률입니다. 주변 소음이 조금만 있어도 제 말을 제대로 알아듣지 못하는 경우가 잦습니다. 특히, 한국어 발음이 정확하지 않으면 더욱 인식률이 떨어지는 것 같습니다. ""네스트 허브야""라고 호출해도 묵묵부답일 때가 많아 답답합니다.또한, 화면 터치 반응 속도도 빠릿빠릿하지 않아 답답함을 느낄 때가 있습니다. 간단한 정보 확인이나 제스처 조작 시에도 버벅거리는 느낌이 있습니다.소프트웨어 업데이트를 통해 이러한 문제들이 개선되기를 기대하지만, 현재로서는 가격 대비 만족도가 높지 않습니다. 좀 더 사용성을 개선한다면 더 많은 사람들이 만족하며 사용할 수 있을 것 같습니다.",블로그,@BlogUser_1039_720
40,1040,5010,2025-01-16 17:40:30,"Pixel 폰 케이스를 구매하고 며칠 사용해 본 후 솔직한 후기를 남깁니다. 디자인 자체는 Pixel의 깔끔한 외관과 잘 어울려서 만족스러웠습니다. 하지만 케이스의 재질이 생각보다 미끄러워서 폰을 잡을 때 불안한 느낌이 듭니다. 특히 손에 땀이 조금이라도 있으면 더욱 미끄러워서 떨어뜨릴까 봐 조심스럽습니다.또한, 버튼 부분이 케이스에 덮여 있어서 누르기가 다소 불편합니다. 특히 전원 버튼과 볼륨 버튼을 누를 때 힘을 줘서 눌러야 인식이 되는 경우가 종종 있습니다. 케이스의 보호력은 괜찮은 것 같지만, 실용적인 측면에서는 아쉬움이 남습니다.미끄럼 방지 재질로 개선하고 버튼 부분을 좀 더 사용하기 편리하게 디자인한다면 더욱 만족스러운 Pixel 폰 케이스가 될 것 같습니다.",Instagram,@InstagramUser_1040_646
41,1041,5001,2025-01-14 8:55:07,"구글 Merchandise Store에서 구매한 Pixel 폰 케이스, 정말 만족스럽습니다! 폰을 완벽하게 보호해 주는 튼튼한 내구성은 물론이고, Pixel의 디자인과 일체감을 주는 깔끔한 디자인이 마음에 쏙 듭니다. 특히 그립감이 너무 좋아서 폰을 잡을 때마다 안정감을 느낄 수 있습니다. 미끄럼 방지 기능 덕분에 떨어뜨릴 염려도 덜하고요. 버튼 부분도 섬세하게 디자인되어 있어서 누르기 편하고, 카메라 홀이나 충전 단자 부분도 정확하게 맞아떨어져서 사용하기 편리합니다. 배송도 빨랐고 포장도 꼼꼼해서 기분 좋게 받을 수 있었습니다. Pixel 폰 케이스 덕분에 제 소중한 폰을 안전하게, 그리고 예쁘게 사용할 수 있게 되어 정말 만족합니다. 주변 사람들에게도 적극 추천하고 싶네요!",Facebook,@FacebookUser_1041_961
42,1042,5002,2025-05-03 7:42:49,"Google 스마트 스피커를 구매하고 나서 삶의 질이 한층 더 향상된 느낌입니다. 깔끔하고 모던한 디자인 덕분에 어느 인테리어에도 잘 어울리고, 집안 분위기를 더욱 세련되게 만들어 줍니다. 특히, ""헤이 구글"" 한 마디로 음악 감상, 날씨 확인, 뉴스 브리핑 등 다양한 기능을 손쉽게 이용할 수 있다는 점이 매우 만족스럽습니다.음성 인식률도 상당히 뛰어나서, 주변 소음이 있는 상황에서도 제 목소리를 정확하게 인식합니다. 요리 중이나 다른 작업을 하면서도 음성 명령으로 편리하게 제어할 수 있어서 정말 유용합니다. 배송도 꼼꼼하게 포장되어 빠르게 도착했고, 사용 설명서도 친절하게 안내되어 있어 처음 사용하는 사람도 쉽게 적응할 수 있습니다. Google 스마트 스피커 덕분에 더욱 스마트하고 편리한 생활을 누리고 있습니다. 적극 추천합니다!",Instagram,@InstagramUser_1042_570
43,1043,5004,2025-05-19 6:24:16,"Google 로고 티셔츠 고객 리뷰평소 Google을 좋아해서 Google Merchandise Store를 자주 방문하는데, 이번에 'Google 로고 티셔츠'를 구매하게 되었습니다. 심플하면서도 세련된 디자인이 마음에 쏙 들었고, 실제로 받아보니 기대 이상으로 품질이 좋았습니다. 면 소재가 부드럽고 착용감이 뛰어나서 하루 종일 입고 있어도 불편함이 전혀 없었습니다.Google 로고가 과하지 않게 들어가 있어서 어떤 옷에도 잘 어울리고, 캐주얼하면서도 깔끔한 느낌을 줍니다. 세탁 후에도 변형이 거의 없고 색상도 그대로 유지되는 점이 특히 만족스럽습니다. 배송도 꼼꼼하게 포장되어 빠르게 도착했고, 전체적으로 매우 만족스러운 구매 경험이었습니다. 주변 사람들에게도 적극 추천하고 싶습니다!",YouTube,@YouTubeUser_1043_541
44,1044,5003,2024-11-12 15:57:29,"구글 크롬캐스트, 정말 삶의 질을 향상시켜주는 최고의 제품입니다. 넷플릭스나 유튜브를 스마트폰으로 보다가 큰 화면으로 보고 싶을 때, 복잡한 설정 없이 간단하게 연결해서 볼 수 있다는 점이 가장 마음에 들었습니다. 화질도 정말 선명하고 끊김 없이 부드럽게 재생되는 점도 만족스럽습니다. 특히 손님들이 왔을 때 스마트폰에 있는 사진이나 영상을 TV로 함께 보면서 추억을 공유하니 더욱 즐거운 시간을 보낼 수 있었습니다. 콤팩트한 디자인도 맘에 들고, 설치도 간편해서 기계치인 저도 쉽게 사용할 수 있었습니다. 크롬캐스트 덕분에 집에서 영화관 못지않은 생생한 감동을 느낄 수 있게 되었어요. 적극 추천합니다!",블로그,@BlogUser_1044_397
45,1045,5006,2025-05-27 13:38:20,"Google Merchandise Store에서 구매한 Google 머그컵, 정말 만족스럽습니다. 심플하면서도 세련된 디자인이 마음에 쏙 들었고, Google 로고가 은은하게 새겨져 있어 사용할 때마다 기분이 좋아집니다. 무엇보다 가장 만족스러운 점은 튼튼한 내구성과 뛰어난 보온성입니다. 아침에 따뜻한 커피를 담아 마시면 오랫동안 온기가 유지되어 여유롭게 즐길 수 있습니다. 손잡이도 잡기 편안하게 디자인되어 그립감이 아주 좋습니다. 배송도 꼼꼼하게 포장되어 빠르게 도착했고, 전체적으로 품질이 매우 우수하다고 느껴집니다. Google 머그컵 덕분에 매일 아침이 더욱 즐거워졌습니다. 고민하신다면 주저하지 말고 구매하시라고 추천하고 싶습니다!",Twitter,@TwitterUser_1045_990
46,1046,5006,2025-05-16 9:07:32,"평소 유튜브나 넷플릭스를 TV로 보고 싶었는데, 미러링은 화질도 그렇고 왠지 모르게 불편하더라고요. 그러다 구글에서 크롬캐스트를 판매하는 걸 보고 바로 구매했습니다.며칠 사용해 보니 정말 신세계네요! 설치도 너무 간단하고, 스마트폰으로 간편하게 연결해서 TV로 영상을 볼 수 있다는 점이 가장 만족스럽습니다. 화질도 정말 깨끗하고, 끊김 없이 부드럽게 재생돼서 영화나 드라마를 볼 때 몰입감이 훨씬 좋아졌어요.크롬캐스트 덕분에 집에서 보내는 시간이 더 즐거워졌습니다. 디자인도 깔끔해서 TV 옆에 두어도 전혀 촌스럽지 않고 오히려 세련된 느낌을 더해주는 것 같아요. 고민하고 있다면 망설이지 말고 구매하라고 강력 추천하고 싶습니다!",Instagram,@InstagramUser_1046_646
47,1047,5007,2024-11-14 21:57:14,"크롬캐스트 사용 후기: 삶의 질을 높여주는 스마트한 선택!기존 TV를 스마트 TV처럼 활용하고 싶어서 크롬캐스트를 구매했는데, 정말 만족스럽습니다. 설치도 간편하고, 스마트폰으로 유튜브나 넷플릭스 영상을 TV로 바로 전송해서 볼 수 있다는 점이 가장 편리합니다. 화질도 깨끗하고 끊김 없이 부드럽게 재생되는 점도 마음에 듭니다.특히, 손님들이 오셨을 때 스마트폰에 있는 사진이나 영상을 큰 화면으로 함께 감상할 수 있어서 좋았습니다. 디자인도 깔끔하고 작아서 TV 주변에 두어도 전혀 거슬리지 않습니다. 배송도 빨랐고, 포장도 꼼꼼하게 되어 있어서 안심하고 받을 수 있었습니다. 크롬캐스트 덕분에 집에서 보내는 시간이 더욱 즐거워졌습니다. 스마트한 TV 경험을 원하신다면 강력 추천합니다!",블로그,@BlogUser_1047_827
48,1048,5005,2025-02-06 22:38:49,"Google Merchandise Store에서 구매한 Google 후드티에 대한 솔직한 후기입니다. 디자인 자체는 깔끔하고 마음에 들었지만, 기대했던 것만큼 품질이 좋지는 않았습니다.몇 번 세탁을 하니 후드티 안쪽에 보풀이 많이 일어나는 것을 발견했습니다. 검은색 옷이라 그런지 더욱 눈에 띄고, 옷을 입을 때마다 불편함이 느껴집니다. 소재가 조금만 더 탄탄했더라면 좋았을 텐데 하는 아쉬움이 남습니다.또한, 배송 과정에서 약간의 문제가 있었습니다. 안내받은 배송 예정일보다 3일 정도 늦게 도착했고, 배송 지연에 대한 별도의 안내를 받지 못해 답답했습니다.Google이라는 브랜드 이미지를 생각했을 때, 품질과 배송 서비스 모두 조금 더 신경 써주시면 좋겠습니다. 다음에는 더 만족스러운 경험을 할 수 있기를 기대합니다.",YouTube,@YouTubeUser_1048_135
49,1049,5002,2025-04-25 11:26:44,"평소 유튜브나 넷플릭스를 TV로 보고 싶었는데, 드디어 크롬캐스트를 구매했습니다. 설치도 너무 간편하고, 스마트폰으로 간단하게 연결해서 영상을 TV로 볼 수 있다는 점이 정말 만족스럽습니다. 화질도 깨끗하고 끊김도 없어서 영화나 드라마 감상할 때 몰입도가 훨씬 높아졌어요. 예전에는 작은 폰 화면으로 보느라 눈이 아팠는데, 이제 편안하게 큰 화면으로 즐길 수 있어서 삶의 질이 향상된 느낌입니다. 디자인도 깔끔하고 콤팩트해서 TV 뒤에 깔끔하게 숨겨지는 점도 마음에 듭니다. 배송도 빨랐고, 포장도 꼼꼼하게 되어 있어서 기분 좋게 사용할 수 있었습니다. 크롬캐스트, 정말 잘 산 것 같아요! 적극 추천합니다.",YouTube,@YouTubeUser_1049_271
50,1050,5009,2025-04-17 16:24:17,"구글 네스트 허브를 구매하여 사용한 지 3개월 정도 되었습니다. 전반적인 디자인과 기본적인 기능은 만족스럽지만, 몇 가지 아쉬운 점이 있어 솔직한 후기를 남깁니다.우선, 와이파이 연결이 불안정할 때가 잦습니다. 다른 기기들은 문제없이 연결되는데, 네스트 허브만 연결이 끊어지거나 속도가 느려지는 현상이 발생합니다. 이 때문에 음성 명령 실행이나 스트리밍 서비스 이용에 불편함을 느낄 때가 많습니다.또한, 터치스크린의 반응 속도가 기대에 미치지 못합니다. 가끔씩 터치를 인식하지 못하거나, 딜레이가 발생하는 경우가 있어 답답함을 느낍니다. 좀 더 부드럽고 즉각적인 터치 반응을 기대했는데, 이 부분은 개선이 필요하다고 생각합니다.마지막으로, 구글 어시스턴트의 한국어 인식률이 아직 완벽하지 않은 것 같습니다. 분명하게 발음했는데도 명령을 제대로 이해하지 못하거나, 엉뚱한 답변을 내놓을 때가 종종 있습니다. 물론 꾸준히 업데이트되고 있지만, 좀 더 정확하고 자연스러운 한국어 지원이 이루어졌으면 좋겠습니다.전반적으로 네스트 허브는 편리한 스마트홈 기기이지만, 위에서 언급한 문제점들이 개선된다면 더욱 만족스럽게 사용할 수 있을 것 같습니다.",네이버카페,@Naver카페User_1050_446
51,1051,5005,2025-05-18 4:46:55,"Pixel 폰 케이스를 구매하고 정말 만족스럽습니다. 평소 심플한 디자인을 선호하는데, 이 케이스는 Pixel 폰의 디자인을 해치지 않으면서도 세련된 느낌을 더해줍니다. 특히, 케이스의 마감 처리가 매우 훌륭하여 그립감이 뛰어나고 미끄럼 방지 기능도 확실하게 느껴집니다.전에 사용하던 케이스들은 버튼 누르기가 불편했는데, 이 케이스는 버튼 부분이 정확하게 설계되어 있어서 누르기가 정말 편합니다. 폰을 보호하는 기능도 뛰어나 보여서 안심하고 사용할 수 있을 것 같습니다. 배송도 빨랐고, 포장도 꼼꼼하게 되어 있어서 제품을 받는 순간부터 기분이 좋았습니다. 전체적으로 가격 대비 품질이 매우 우수하다고 생각합니다. Pixel 폰을 사용하시는 분들께 강력하게 추천합니다!",X,@XUser_1051_892
52,1052,5003,2025-04-05 18:59:38,"Google 백팩 사용 후기: 디자인, 기능, 품질 모두 만족!평소 심플하면서도 실용적인 백팩을 선호하는데, Google Merchandise Store에서 판매하는 Google 백팩을 발견하고 망설임 없이 구매했습니다. 받아보니 디자인은 사진보다 훨씬 세련되고 고급스러워서 매일 들고 다니고 싶을 정도입니다.특히 수납공간이 정말 마음에 듭니다. 노트북, 책, 개인 소지품 등을 깔끔하게 정리할 수 있도록 분리된 공간들이 효율적으로 배치되어 있어서 매우 편리합니다. 어깨끈도 푹신해서 장시간 착용해도 어깨에 부담이 덜하고, 전체적인 마감도 꼼꼼하게 처리되어 있어 품질에 대한 만족도가 높습니다.배송도 빨랐고, 포장 상태도 훌륭했습니다. 가격 대비 훌륭한 품질과 디자인을 갖춘 Google 백팩, 주변 사람들에게도 적극적으로 추천하고 싶습니다. 앞으로도 Google Merchandise Store에서 좋은 상품 많이 판매해 주시면 좋겠습니다.",Threads,@ThreadsUser_1052_118
53,1053,5007,2025-02-02 1:58:57,"Google 로고 티셔츠 리뷰입니다. 평소 심플한 디자인을 선호하는 저에게 딱 맞는 티셔츠입니다. 깔끔한 구글 로고가 과하지 않으면서도 포인트를 줘서 마음에 듭니다. 재질도 꽤 괜찮은 편이라 세탁 후에도 변형이 적고, 착용감도 부드러워서 매일 손이 갑니다. 특히, 청바지나 면바지 어디에나 잘 어울려서 코디하기도 편합니다. 배송도 빨라서 주문하고 금방 받아볼 수 있었습니다. 가격 대비 품질이 매우 만족스러워서 다른 색상으로 몇 장 더 구매할까 고민 중입니다. 구글을 좋아하거나, 편하게 입을 수 있는 기본 티셔츠를 찾는 분들에게 강력 추천합니다!",X,@XUser_1053_141
54,1054,5003,2025-05-14 6:42:28,"Google Merchandise Store에서 구매한 Google 백팩, 정말 만족스럽습니다! 깔끔한 디자인이 마음에 들어서 보자마자 바로 구매를 결정했는데, 실제로 받아보니 훨씬 더 고급스러워 보입니다. 특히 Google 로고가 은은하게 들어가 있어서 과하지 않고 세련된 느낌을 줍니다.수납 공간도 넉넉해서 노트북, 책, 각종 소지품들을 편리하게 정리할 수 있었습니다. 어깨끈도 푹신해서 장시간 착용해도 어깨에 부담이 덜하고요. 무엇보다 백팩의 재질이 튼튼해서 오래 사용할 수 있을 것 같습니다. 배송도 빨라서 기다리는 시간 없이 바로 사용할 수 있었던 점도 좋았습니다. 전체적으로 디자인, 기능, 품질 모두 만족스러운 Google 백팩입니다. 앞으로도 자주 애용할 것 같아요!",블로그,@BlogUser_1054_647
55,1055,5008,2025-02-22 7:33:43,"Google Merchandise Store에서 구매한 Google 후드티에 대한 솔직한 후기입니다. 평소 Google 제품에 대한 신뢰도가 높아 망설임 없이 구매했지만, 기대에 미치지 못하는 부분이 있어 아쉬움이 남습니다.우선, 후드티의 재질이 생각보다 얇았습니다. 기모 안감이라고는 하지만, 겨울철에 단독으로 입기에는 보온성이 부족하다는 느낌을 받았습니다. 또한, 몇 번 세탁했더니 약간의 물 빠짐과 함께 후드티의 형태가 약간 변형되는 것을 발견했습니다. 내구성이 그리 좋다고 느껴지지는 않습니다.배송 역시 늦어져서 예정된 날짜보다 3일이나 늦게 도착했습니다. 배송 지연에 대한 안내도 사전에 받지 못해 불편함을 겪었습니다. 물론 디자인은 깔끔하고 Google 로고도 마음에 들지만, 가격 대비 품질은 다소 아쉽습니다. Google 후드티의 품질 개선과 더불어 배송 서비스 개선도 이루어진다면 더 많은 고객들이 만족할 수 있을 것 같습니다.",YouTube,@YouTubeUser_1055_194
56,1056,5001,2025-01-14 13:55:21," 크롬캐스트 사용 후기: 삶의 질이 향상되는 놀라운 경험!평소 유튜브나 넷플릭스 영상을 TV로 보고 싶다는 생각을 많이 했는데, 드디어 크롬캐스트를 구매하게 되었습니다. 설치는 정말 간단해서 설명서를 보지 않아도 될 정도였고, 스마트폰으로 간편하게 연결하니 바로 TV 화면에 제가 보고 싶은 영상이 나타났습니다.특히 마음에 들었던 점은 화질이 정말 깨끗하다는 것입니다. 스마트폰으로 볼 때는 작게 느껴졌던 영상들이 큰 TV 화면으로 생생하게 펼쳐지니 몰입감이 훨씬 높아졌습니다. 영화 감상이나 스포츠 경기 시청 시 만족도가 매우 높습니다.뿐만 아니라, 딜레이 없이 부드럽게 영상이 재생되는 점도 인상적이었습니다. 이전에는 미러링 기능을 사용했을 때 끊김 현상이 종종 있었는데, 크롬캐스트는 그런 문제 없이 쾌적하게 사용할 수 있어서 정말 만족스럽습니다. 디자인도 깔끔하고 작아서 TV 뒤에 숨겨놓으니 전혀 눈에 띄지 않아 인테리어에도 방해가 되지 않습니다. 왜 이제야 크롬캐스트를 샀을까 후회될 정도로 삶의 질이 향상되는 놀라운 경험을 선사해 줍니다. 적극 추천합니다!",Threads,@ThreadsUser_1056_752
57,1057,5008,2025-06-10 11:57:55,"구글 네스트 허브를 구매하고 사용한 지 2주 정도 되었는데, 정말 삶의 질이 향상된 것을 느낍니다. 깔끔하고 모던한 디자인 덕분에 어느 인테리어에도 잘 어울리고, 특히 침대 옆 협탁에 두니 딱이네요.아침에 날씨나 뉴스 브리핑을 해주는 기능은 하루를 시작하는 데 큰 도움이 됩니다. 구글 어시스턴트 연동으로 음성 명령을 통해 조명이나 TV를 켜고 끄는 것도 너무 편리하고요. 요리할 때 레시피를 보거나 음악을 듣는 용도로도 아주 유용합니다.특히 만족스러운 점은 구글 포토 연동입니다. 가족사진을 슬라이드 쇼처럼 감상할 수 있어서 집안 분위기가 더욱 따뜻해졌습니다. 배송도 꼼꼼하게 포장되어 빠르게 도착했고, 사용법도 간단해서 부모님도 쉽게 사용하실 수 있을 것 같습니다. 네스트 허브, 정말 후회 없는 선택입니다!",Facebook,@FacebookUser_1057_766
58,1058,5007,2025-02-06 22:23:40,"Google 스테인리스 물병을 구매하고 나서 매일 사용하고 있습니다. 깔끔한 디자인에 Google 로고가 은은하게 새겨져 있어 정말 마음에 듭니다. 스테인리스 재질이라 안심하고 사용할 수 있고, 보온/보냉 기능도 탁월해서 오랫동안 음료의 온도를 유지해 줍니다. 특히 저는 운동할 때 주로 사용하는데, 땀을 많이 흘려도 물병 표면에 물방울이 맺히지 않아 가방에 넣어도 안심입니다. 세척도 간편하고, 튼튼하게 만들어져서 오래 사용할 수 있을 것 같습니다. Google Merchandise Store에서 구매하길 정말 잘했다는 생각이 듭니다. 앞으로도 애용할 것 같습니다.",블로그,@BlogUser_1058_681
59,1059,5005,2025-04-13 3:52:51,"Google 후드티 고객 리뷰평소에 Google 굿즈에 관심이 많았는데, 이번에 큰 맘 먹고 Google 후드티를 구매했습니다. 받아보니 기대 이상으로 품질이 정말 좋아서 놀랐습니다. 기모 안감 덕분에 착용감이 아주 부드럽고 따뜻해서 요즘처럼 쌀쌀한 날씨에 딱이에요. 무엇보다 마음에 드는 건 역시 깔끔한 디자인입니다. 과하지 않으면서도 Google 로고가 은은하게 포인트가 되어 어떤 옷에도 잘 어울립니다. 평소 캐주얼한 스타일을 즐겨 입는데, Google 후드티 덕분에 더욱 멋스럽게 코디할 수 있게 되었어요.배송도 빨랐고, 포장도 꼼꼼하게 되어 있어서 받는 순간부터 기분이 좋았습니다. 오래도록 아껴 입어야겠습니다! Google Merchandise Store에서 좋은 제품을 구매하게 되어 만족스럽습니다.",Instagram,@InstagramUser_1059_736
60,1060,5008,2025-03-28 10:21:01,"구글 네스트 허브를 구매하여 사용한 지 2주 정도 되었습니다. 스마트홈 기능을 편리하게 이용할 수 있다는 기대감에 구매했지만, 몇 가지 아쉬운 점이 있었습니다.가장 불편했던 점은 음성 인식률이었습니다. 주변 소음이 조금만 있어도 제 말을 제대로 알아듣지 못하는 경우가 잦았습니다. 특히, 한국어 발음이 정확하지 않은 경우에는 인식 오류가 더 심했습니다. ""알렉사""나 ""시리""와 비교했을 때 확연히 떨어지는 성능이라고 느껴졌습니다.또한, 네스트 허브의 화면 밝기가 자동으로 조절된다고는 하지만, 밤에는 여전히 밝게 느껴져 수면을 방해하는 요소가 되기도 했습니다. 밝기 조절 옵션을 더 세분화하거나, 특정 시간에 화면을 완전히 끌 수 있는 기능이 추가되면 좋을 것 같습니다.전반적으로 스마트홈 기기로서의 잠재력은 충분하지만, 음성 인식률 개선과 화면 밝기 조절 기능 강화가 필요하다고 생각합니다. 앞으로 소프트웨어 업데이트를 통해 이러한 문제점들이 개선되기를 기대합니다.",X,@XUser_1060_632
61,1061,5006,2025-05-01 8:55:49,"Google 로고 티셔츠 고객 리뷰평소 Google 제품에 대한 애정이 남달라서 Google Merchandise Store에서 Google 로고 티셔츠를 구매했습니다. 디자인은 역시 깔끔하고 세련되어 마음에 쏙 듭니다. 재질도 부드러워서 착용감이 상당히 좋습니다. 특히 Google 로고가 과하지 않게 들어가 있어서 캐주얼하게 어디든 매치하기 좋은 점이 만족스럽습니다.다만, 아쉬운 점도 있습니다. 티셔츠의 가격이 조금 높게 책정된 감이 있습니다. 로고 티셔츠라는 점을 감안하더라도, 재질 대비 가격이 다소 부담스럽게 느껴집니다. 또한, 세탁 후 약간의 수축이 있었습니다. 구매 시 이 점을 고려하여 한 사이즈 크게 주문하는 것이 좋을 것 같습니다. 이러한 몇 가지 아쉬운 점에도 불구하고, 디자인과 착용감은 만족스러워서 자주 손이 가는 티셔츠입니다.",Facebook,@FacebookUser_1061_962
62,1062,5003,2025-03-13 9:50:01,"Google 에코백을 구매하고 너무 만족스러워서 후기를 남깁니다. 평소에 심플하면서도 실용적인 디자인을 선호하는데, Google 에코백은 딱 제가 원하던 스타일이었어요. 튼튼한 재질 덕분에 책이나 노트북을 넣어도 안심이 되고, 어깨에 멨을 때 착용감도 편안합니다. 무엇보다 Google 로고가 은은하게 들어가 있어서 과하지 않으면서도 세련된 느낌을 줍니다.며칠 동안 사용해 보니 수납 공간도 넉넉해서 여러 물건들을 편리하게 넣을 수 있었고, 가방 자체도 가벼워서 부담 없이 들고 다닐 수 있었습니다. 배송도 빨랐고, 포장도 꼼꼼하게 되어 있어서 받는 순간부터 기분이 좋았습니다. 앞으로도 자주 애용할 것 같습니다!",Instagram,@InstagramUser_1062_431
63,1063,5004,2025-03-23 23:38:15,"Google Merchandise Store에서 구매한 Google 머그컵에 대한 리뷰입니다. 디자인 자체는 깔끔하고 Google의 상징적인 느낌을 잘 살려 마음에 들었습니다. 하지만 실사용에 있어서는 다소 아쉬운 점이 있었습니다.가장 큰 불만은 머그컵의 재질입니다. 생각보다 얇은 재질로 만들어져 뜨거운 음료를 담았을 때 컵 표면이 너무 뜨거워 손으로 잡기가 불편했습니다. 컵 손잡이 부분도 완전히 뜨거워지지는 않지만, 열전도율이 높아 장시간 잡고 있기가 어려웠습니다.또한, 컵 표면에 미세한 스크래치가 쉽게 생기는 듯합니다. 몇 번 사용하지 않았음에도 불구하고 벌써 눈에 띄는 흠집이 몇 군데 생겼습니다. 가격을 고려했을 때 내구성이 기대에 미치지 못한다는 생각이 듭니다.Google 머그컵의 디자인은 훌륭하지만, 실용적인 측면에서 재질 개선이 필요하다고 생각합니다. 더 두꺼운 재질을 사용하거나, 단열 기능을 강화하여 사용 편의성을 높여주시면 좋겠습니다.",Twitter,@TwitterUser_1063_854
64,1064,5002,2025-06-01 13:49:23,"Google Merchandise Store에서 구매한 Google 에코백에 대한 리뷰입니다. 평소 Google 제품을 애용하는 입장에서 에코백 디자인이 마음에 들어 구매를 결정했습니다. 하지만 받아보니 기대에 미치지 못하는 부분이 있어 아쉬움이 남습니다.우선, 에코백의 천 재질이 생각보다 얇았습니다. 간단한 책이나 소지품을 넣기에는 괜찮지만, 무거운 물건을 넣으면 가방 형태가 쉽게 무너지고 어깨끈이 불편하게 느껴졌습니다. 내구성이 조금 더 강화된 재질이었다면 좋았을 것 같습니다.또한, 배송 과정에서 약간의 문제가 있었습니다. 주문 후 배송까지 예상보다 오래 걸렸고, 포장 상태도 완벽하지 않았습니다. 상품 자체에는 문제가 없었지만, 배송 서비스 개선이 필요하다고 생각합니다.Google 에코백 디자인은 훌륭하지만, 내구성과 배송 서비스 측면에서 개선이 이루어진다면 더욱 만족스러운 상품이 될 것 같습니다. 앞으로 더 나은 품질의 제품을 기대하며, 솔직한 후기를 남깁니다.",Twitter,@TwitterUser_1064_826
65,1065,5006,2025-02-10 8:43:16,"최근 Google Merchandise Store에서 구매한 Google 스마트 스피커에 대한 리뷰입니다. 평소 스마트 기기에 관심이 많아 다양한 제품을 사용해 봤지만, Google 스마트 스피커는 기대 이상으로 만족스러웠습니다.우선 깔끔하고 모던한 디자인이 인테리어와 잘 어울려 어디에 두어도 멋스럽습니다. 음질 또한 훌륭하여 음악 감상 시 풍부하고 깨끗한 사운드를 즐길 수 있습니다. 특히, Google 어시스턴트와의 연동은 정말 편리합니다. 음성 명령으로 음악 재생, 날씨 확인, 알람 설정 등 다양한 기능을 손쉽게 사용할 수 있어 일상생활이 더욱 편리해졌습니다.배송 또한 꼼꼼하게 포장되어 안전하게 도착했고, 사용 설명서가 자세하게 안내되어 있어 초기 설정도 간편하게 마칠 수 있었습니다. 전체적으로 디자인, 기능, 품질 모든 면에서 뛰어난 제품이라고 생각합니다. Google 스마트 스피커 덕분에 삶의 질이 향상된 것 같아 매우 만족스럽습니다. 주변 사람들에게도 적극 추천하고 싶습니다.",Twitter,@TwitterUser_1065_302
66,1066,5010,2025-03-21 7:52:27,"Google 스테인리스 물병을 구매하고 정말 만족스러워서 후기를 남깁니다. 평소 심플한 디자인을 선호하는데, Google 로고가 깔끔하게 새겨진 이 물병은 보자마자 마음에 쏙 들었습니다. 스테인리스 재질이라 위생적이고, 세척도 간편해서 매일 사용하기 좋습니다.특히 보온, 보냉 기능이 뛰어나다는 점이 가장 만족스럽습니다. 아침에 따뜻한 차를 담아 가면 오후까지도 따뜻함이 유지되고, 여름에는 시원한 물을 오랫동안 시원하게 마실 수 있어서 정말 유용합니다. 튼튼한 내구성 덕분에 가방에 넣고 다녀도 안심이 됩니다. Google 스테인리스 물병, 디자인, 기능, 품질 모두 만족스러운 제품입니다. 오랫동안 잘 사용할 것 같습니다.",Twitter,@TwitterUser_1066_260
67,1067,5003,2025-04-13 22:52:15,"Google 머그컵을 구매하여 사용한 지 2주 정도 되었습니다. 깔끔한 디자인과 Google 로고가 마음에 들어서 구매를 결정했는데, 실제로 받아보니 사진과 똑같고 튼튼한 느낌이 들어서 좋았습니다. 아침에 따뜻한 커피를 마실 때마다 기분이 좋아지는 효과가 있네요.다만, 아쉬운 점도 있습니다. 머그컵 용량이 생각보다 조금 작아서, 큰 사이즈를 선호하는 저에게는 약간 부족하게 느껴집니다. 또한, 가격이 조금 높은 편이라 선뜻 구매하기 망설여질 수도 있겠다는 생각이 들었습니다. 하지만 전체적으로 봤을 때, 디자인과 내구성이 만족스러워서 잘 사용하고 있습니다. 다음에는 좀 더 큰 사이즈의 Google 머그컵이 나오면 좋겠습니다.",Threads,@ThreadsUser_1067_642
68,1068,5006,2025-03-09 6:12:44,"Google Merchandise Store에서 구매한 'Google 에코백' 사용 후기입니다. 평소 심플한 디자인을 선호하는데, 구글 로고가 깔끔하게 박혀있어 마음에 들었습니다. 재질도 생각보다 튼튼해서 책이나 노트북을 넣고 다녀도 쳐지지 않아 좋았습니다. 특히, 장바구니 대용으로 사용하기에 사이즈가 넉넉해서 활용도가 높습니다.다만, 아쉬운 점은 에코백 내부에 별도의 주머니가 없다는 것입니다. 작은 소지품을 넣을 공간이 없어 가방 안이 다소 정리가 안 되는 느낌이 있습니다. 또한, 가격이 다른 에코백에 비해 조금 비싼 편이라 가격 경쟁력이 조금 더 있었으면 좋겠습니다. 전반적으로 디자인과 내구성은 만족스럽지만, 실용적인 부분에서 약간의 개선이 필요하다고 생각합니다.",Facebook,@FacebookUser_1068_499
69,1069,5003,2025-03-22 1:23:15,"Google Merchandise Store에서 구매한 Google 로고 티셔츠, 정말 만족스럽습니다! 평소 깔끔한 디자인을 선호하는 편인데, Google 로고가 심플하게 박혀 있어서 어디에나 잘 어울립니다. 면 소재도 부드럽고 착용감이 뛰어나서 하루 종일 입고 있어도 불편함이 전혀 없어요. 세탁 후에도 변형이 거의 없고, 색상도 그대로 유지되는 점이 특히 마음에 듭니다. 배송도 빨랐고, 포장도 꼼꼼하게 되어 있어서 선물 받는 기분이었습니다. Google 로고 티셔츠 덕분에 캐주얼하면서도 세련된 스타일을 연출할 수 있게 되어 아주 만족합니다. 주변 사람들에게도 적극 추천하고 싶네요!",Instagram,@InstagramUser_1069_523
70,1070,5004,2025-06-10 14:38:55,"최근에 구글 머천다이즈 스토어에서 크롬캐스트를 구매하여 사용해 보았습니다. TV로 유튜브나 넷플릭스를 간편하게 볼 수 있다는 점이 정말 편리합니다. 특히 스마트폰으로 보던 영상을 큰 화면으로 바로 이어볼 수 있어서 만족스럽습니다. 연결도 간단하고, 리모컨 없이 스마트폰으로 조작하는 방식도 익숙해지니 편하네요.다만, 가끔 와이파이 연결이 불안정해 끊기는 현상이 발생한다는 점은 아쉽습니다. 그리고 스마트폰 화면 미러링 기능은 완벽하지 않아서, 일부 앱에서는 화면 비율이 맞지 않거나 끊김 현상이 발생하기도 합니다. 전체적으로는 가격 대비 만족스러운 제품이지만, 연결 안정성 부분에서는 개선이 필요하다고 생각합니다. 크롬캐스트가 이 부분만 보완된다면 더욱 완벽한 기기가 될 것 같습니다.",YouTube,@YouTubeUser_1070_802
71,1071,5010,2025-03-02 6:20:23,"며칠 전 Google Merchandise Store에서 구매한 Google 백팩을 드디어 사용해 보았습니다. 깔끔한 디자인과 Google 로고가 은은하게 박혀 있는 것이 마음에 듭니다. 수납공간도 넉넉해서 노트북, 책, 개인 소지품 등을 충분히 넣을 수 있었습니다. 특히, 등 부분과 어깨끈의 쿠션감이 좋아 장시간 메고 다녀도 어깨에 부담이 덜했습니다.다만, 아쉬운 점도 있었습니다. 백팩의 재질이 생각보다 먼지가 잘 묻는 것 같습니다. 밝은 색상이라 그런지 유독 먼지가 잘 보이는 느낌입니다. 또한, 내부 수납공간 분리가 조금 더 세분화되어 있었으면 물건을 정리하기에 더 편리했을 것 같습니다. 전반적으로 만족스럽지만, 이러한 부분들이 개선된다면 더욱 완벽한 Google 백팩이 될 수 있을 것 같습니다.",Twitter,@TwitterUser_1071_708
72,1072,5003,2025-04-10 23:07:49,"Google Merchandise Store에서 구매한 Google 후드티 정말 만족스럽습니다. 평소 심플하면서도 개성 있는 디자인을 선호하는데, Google의 로고가 은은하게 들어가 있어 마음에 쏙 들어요.무엇보다 재질이 너무 좋아서 놀랐습니다. 부드러운 기모 안감 덕분에 착용감이 정말 뛰어나고, 쌀쌀한 날씨에도 따뜻하게 입을 수 있어서 좋습니다. 꼼꼼한 박음질과 튼튼한 재질 덕분에 오래 입을 수 있을 것 같아요.배송도 빨랐고, 포장도 깔끔하게 되어 있어서 선물 받는 기분이었습니다. Google 후드티 덕분에 캐주얼하면서도 스타일리시한 코디를 완성할 수 있어서 요즘 매일 손이 갑니다. 앞으로도 Google Merchandise Store에서 좋은 상품 많이 판매해 주시면 좋겠습니다.",Threads,@ThreadsUser_1072_828
73,1073,5003,2024-11-02 11:37:29,"Google Merchandise Store에서 구매한 Pixel 폰 케이스, 정말 만족스럽습니다! 며칠 사용해 보니 왜 많은 분들이 추천하는지 알겠더군요. 무엇보다 디자인이 깔끔하고 Pixel 폰과 완벽하게 어울립니다. 케이스를 씌운 후에도 폰의 그립감이 훨씬 좋아졌고, 미끄럼 방지 기능도 탁월해서 안심하고 사용할 수 있습니다.버튼을 누르는 감촉도 좋고, 케이블 연결 부위도 간섭 없이 깔끔하게 마감되어 있어서 사용 편의성도 뛰어납니다. 튼튼한 재질 덕분에 폰을 안전하게 보호해 줄 것 같은 믿음이 갑니다. 배송도 빨라서 기다리는 시간 없이 바로 사용할 수 있었던 점도 좋았습니다. 전체적으로 가격 대비 훌륭한 품질이라고 생각하며, Pixel 폰을 사용하시는 분들께 강력하게 추천합니다.",Facebook,@FacebookUser_1073_241
74,1074,5006,2024-12-05 7:12:31,"Google Merchandise Store에서 구매한 Google 스마트 스피커, 정말 만족스럽습니다. 깔끔하고 모던한 디자인 덕분에 어느 인테리어에도 잘 어울리는 점이 특히 마음에 들어요. 음질도 기대 이상으로 풍부하고 깨끗해서 음악 감상이나 팟캐스트 청취가 더욱 즐거워졌습니다.""헤이 구글"" 한 마디로 날씨, 뉴스, 알람 등 다양한 기능을 손쉽게 사용할 수 있다는 점도 편리합니다. 요리 중 레시피를 검색하거나, 집안일을 하면서 음악을 틀어달라고 부탁할 때 정말 유용하게 사용하고 있어요. 배송도 꼼꼼하게 포장되어 빠르게 도착했고, 설정 방법도 간단해서 기계치인 저도 쉽게 사용할 수 있었습니다. Google 스마트 스피커 덕분에 삶의 질이 한층 더 향상된 것 같습니다. 강력 추천합니다!",X,@XUser_1074_491
75,1075,5001,2024-12-29 10:30:26,"Google 에코백 고객 리뷰구글 머천다이즈 스토어에서 구매한 Google 에코백, 정말 만족스럽습니다! 심플하면서도 세련된 디자인이 마음에 쏙 들어요. 특히 구글 로고가 은은하게 들어가 있어서 과하지 않고 멋스럽습니다.튼튼한 재질 덕분에 무거운 책이나 짐을 넣어도 안심이 되고, 어깨에 멨을 때 착용감도 편안합니다. 평소에 노트북이나 서류를 많이 들고 다니는데, Google 에코백 덕분에 훨씬 편리해졌습니다.배송도 빨랐고, 포장도 꼼꼼하게 되어 있어서 기분 좋게 받아볼 수 있었습니다. 디자인, 품질, 실용성 모든 면에서 만족스러운 제품입니다. 주변 사람들에게도 강력 추천하고 싶네요!",X,@XUser_1075_250
76,1076,5010,2025-04-07 21:21:26,"Google Merchandise Store에서 구매한 Google 후드티에 대한 솔직한 후기입니다.평소 구글을 좋아해서 Google 후드티를 큰 맘 먹고 구매했는데, 기대했던 만큼 만족스러운 부분도 있고 아쉬운 부분도 있었습니다. 일단 기모 안감이 있어서 착용감이 굉장히 부드럽고 따뜻합니다. 디자인도 깔끔하고 구글 로고가 과하지 않게 들어가 있어서 평상시에 편하게 입고 다니기 좋습니다. 재질도 꽤 탄탄해서 세탁 후에도 쉽게 망가지지 않을 것 같다는 인상을 받았습니다.다만, 가격이 조금 비싼 편이라는 점은 아쉽습니다. 디자인이나 품질은 좋지만, 가격 대비 아주 뛰어난 퀄리티라고 단정하기는 어렵습니다. 그리고 사이즈 선택에 조금 어려움이 있었습니다. 상세 사이즈표를 꼼꼼히 확인했는데도 불구하고, 생각보다 약간 크게 나온 것 같습니다. 한 사이즈 작게 시켰으면 더 좋았을 것 같다는 생각이 듭니다.종합적으로 봤을 때, 디자인과 품질은 만족스럽지만 가격과 사이즈 측면에서는 약간 아쉬움이 남는 제품입니다. 그래도 구글을 좋아하시는 분이라면 한 번쯤 구매해 볼 만한 가치는 있다고 생각합니다.",네이버카페,@Naver카페User_1076_496
77,1077,5004,2025-02-28 23:36:43," Google 머그컵, 매일 아침을 특별하게 만들어 줍니다.평소 심플한 디자인을 선호하는 저에게 Google 머그컵은 보자마자 마음에 쏙 드는 제품이었습니다. 깔끔한 흰색 바탕에 은은하게 새겨진 Google 로고는 세련되면서도 과하지 않아 질리지 않는 매력이 있습니다. 무엇보다 머그컵의 그립감이 정말 좋습니다. 손에 착 감기는 느낌이 안정적이고, 넉넉한 용량 덕분에 따뜻한 커피나 차를 충분히 즐길 수 있어 만족스럽습니다. 또한, 튼튼한 재질 덕분에 매일 사용해도 스크래치 하나 없이 깨끗하게 유지되는 점도 마음에 듭니다. 배송도 꼼꼼하게 포장되어 파손 걱정 없이 안전하게 도착했습니다. 덕분에 아침마다 이 Google 머그컵에 커피를 마시는 시간이 더욱 즐거워졌습니다. 단순한 머그컵이 아닌, 일상 속 작은 행복을 더해주는 제품이라고 생각합니다. 고민하시는 분들께 강력 추천합니다!",Facebook,@FacebookUser_1077_292
78,1078,5001,2025-03-17 11:01:54,"며칠 전 Google Merchandise Store에서 구매한 Google 백팩, 정말 만족스럽습니다! 깔끔한 디자인에 Google 로고가 은은하게 들어가 있어서 너무 튀지도 않고 세련된 느낌을 줍니다. 무엇보다 수납 공간이 넉넉해서 노트북, 책, 태블릿 등 필요한 물건들을 효율적으로 정리할 수 있어서 좋습니다. 어깨끈도 편안하고 등판에 쿠션이 있어서 장시간 착용해도 어깨에 부담이 덜하네요. 튼튼한 재질로 만들어져서 오래 사용할 수 있을 것 같고, 마감 처리도 꼼꼼해서 아주 마음에 듭니다. 배송도 빨랐고, 포장 상태도 깔끔했습니다. 전체적으로 가격 대비 품질이 매우 우수하다고 생각합니다. Google 백팩, 정말 잘 산 것 같아요! 주변 사람들에게도 적극 추천하고 싶습니다.",블로그,@BlogUser_1078_823
79,1079,5005,2025-02-19 17:53:29,"Pixel 폰 케이스 사용 후기: 아쉬운 점들며칠 전 Google Merchandise Store에서 구매한 Pixel 폰 케이스를 사용해 본 후 솔직한 후기를 남깁니다. 디자인 자체는 Pixel의 깔끔한 디자인과 잘 어울려 만족스러웠습니다. 하지만, 기대했던 것만큼 품질이 좋지는 않았습니다.우선, 케이스의 재질이 생각보다 미끄러워서 휴대폰을 손에 쥐었을 때 안정감이 떨어지는 느낌이었습니다. 특히 요즘처럼 추운 날씨에는 더욱 미끄럽게 느껴져서 떨어뜨릴까 봐 불안합니다.또한, 케이스의 버튼 부분이 너무 뻑뻑해서 누르기가 불편했습니다. 볼륨 조절이나 전원 버튼을 누를 때마다 힘이 많이 들어가고, 때로는 제대로 눌리지 않아 답답했습니다.Pixel 폰 케이스의 가격을 고려했을 때, 내구성과 사용 편의성이 조금 더 개선되었으면 하는 바람입니다. 디자인은 훌륭하지만, 실질적인 사용 경험은 아쉬움이 남습니다. 다음 버전에서는 이러한 점들이 개선되기를 기대합니다.",YouTube,@YouTubeUser_1079_279
80,1080,5003,2024-12-02 9:57:10,"Google Merchandise Store에서 구매한 Google 백팩에 대한 리뷰입니다. 디자인은 깔끔하고 Google의 아이덴티티를 잘 살린 점은 만족스럽습니다. 그러나 실사용 후 몇 가지 아쉬운 점이 있었습니다.가장 큰 불만은 백팩의 내구성입니다. 몇 번 사용하지 않았음에도 불구하고 박음질 부분이 약해져서 실밥이 풀리는 현상이 발생했습니다. 특히 무거운 물건을 자주 넣는 사용자에게는 적합하지 않은 것 같습니다. 또한, 백팩 내부 공간 활용도가 낮다는 점도 아쉽습니다. 수납공간이 부족하여 여러 물건을 효율적으로 정리하기가 어려웠습니다.Google 백팩의 디자인은 훌륭하지만, 내구성과 수납 공간 개선이 필요하다고 생각합니다. 제품 품질 관리에 더욱 신경 써 주시면 좋겠습니다.",Instagram,@InstagramUser_1080_378
81,1081,5007,2025-02-26 9:09:09,"Google Merchandise Store Google 후드티 리뷰Google 후드티를 구매하고 너무 만족스러워서 후기를 남깁니다. 평소에 편하게 입을 후드티를 찾고 있었는데, Google Merchandise Store에서 판매하는 이 후드티가 디자인도 깔끔하고 재질도 좋아 보여서 구매하게 되었습니다.실제로 받아보니 화면에서 보던 것보다 훨씬 더 마음에 들었습니다. 무엇보다 재질이 정말 부드럽고 착용감이 뛰어나서 하루 종일 입고 있어도 불편함이 전혀 없습니다. 핏도 너무 벙벙하지 않고 적당히 여유 있어서 활동하기에도 좋습니다. 세탁 후에도 변형이 거의 없고, 색상도 그대로 유지되는 점이 마음에 듭니다.배송도 빨랐고, 포장도 꼼꼼하게 되어 있어서 기분 좋게 제품을 받을 수 있었습니다. 캐주얼한 옷차림을 즐겨 입는 저에게는 Google 후드티가 없어서는 안 될 필수템이 되었습니다. 앞으로도 Google Merchandise Store에서 좋은 상품 많이 판매해 주시면 좋겠습니다!",Instagram,@InstagramUser_1081_921
82,1082,5006,2025-05-27 16:55:10,"Google 머그컵 리뷰:평소 Google 제품을 애용하는 사람으로서 Google 머그컵을 구매하게 되었습니다. 깔끔하고 심플한 디자인이 마음에 들어서 보자마자 망설임 없이 장바구니에 담았어요. 실제로 받아보니 사진보다 훨씬 예쁘고 고급스러워서 더욱 만족스러웠습니다.머그컵의 그립감도 아주 좋아서 매일 아침 커피를 마실 때 사용하고 있습니다. 뜨거운 음료를 담아도 컵이 뜨거워지지 않아 편안하게 사용할 수 있는 점도 좋았습니다. 세척도 용이해서 관리가 편하고, 내구성도 좋아 오랫동안 사용할 수 있을 것 같아요.배송도 꼼꼼하게 포장되어 파손 없이 안전하게 도착했습니다. Google 머그컵은 디자인, 기능, 품질 모든 면에서 만족스러운 제품입니다. 앞으로도 Google Merchandise Store에서 좋은 제품 많이 구매하고 싶습니다.",블로그,@BlogUser_1082_835
83,1083,5003,2025-04-11 3:42:25,"Google Merchandise Store에서 구매한 Pixel 폰 케이스 사용 후기입니다. 디자인이 깔끔하고 Pixel 폰에 딱 맞는 핏 감이 아주 좋습니다. 특히 재질이 부드러워서 그립감이 뛰어나고, 폰을 떨어뜨렸을 때 충격 흡수도 잘 되는 것 같습니다. 확실히 정품이라 그런지 퀄리티는 만족스럽습니다.다만, 가격이 조금 비싸다는 점은 아쉽습니다. 시중의 저렴한 케이스들에 비해 가격 부담이 있는 편입니다. 그리고 밝은 색상이라 그런지 때가 조금 잘 타는 것 같아 자주 닦아줘야 하는 번거로움이 있습니다.전반적으로는 Pixel 폰 케이스의 품질과 디자인에 만족하지만, 가격과 유지 관리에 대한 부분을 고려했을 때 구매를 망설이는 분들도 있을 것 같습니다. 그래도 Pixel 폰을 위한 최적의 케이스를 찾고 있다면 추천할 만합니다.",X,@XUser_1083_753
84,1084,5003,2024-12-13 16:49:54,"구글 크롬캐스트를 사용한 지 벌써 한 달이 넘었네요. 솔직히 처음에는 반신반의했는데, 사용해보니 정말 '신세계'입니다. 복잡한 설치 과정 없이 간단하게 TV에 연결하니 스마트폰 화면을 그대로 볼 수 있어서 너무 편리합니다. 특히, 저는 유튜브 영상을 큰 화면으로 볼 때 크롬캐스트의 진가를 제대로 느껴요.예전에는 작은 스마트폰 화면으로 보느라 눈이 아팠는데, 이제는 편안하게 거실 소파에 앉아 고화질 영상을 즐길 수 있게 되었습니다. 디자인도 깔끔해서 TV 주변 인테리어와 잘 어울리고, 품질도 아주 만족스럽습니다. 배송도 빨랐고, 포장도 꼼꼼하게 되어 있어서 안심하고 받을 수 있었습니다. 크롬캐스트 덕분에 집에서 보내는 시간이 더욱 즐거워졌습니다. 적극 추천합니다!",Facebook,@FacebookUser_1084_831
85,1085,5001,2025-01-10 12:32:47,"Google 로고 티셔츠, 드디어 제 손에 들어왔네요! 평소 심플한 디자인을 선호하는 저에게 Google 로고가 깔끔하게 박힌 이 티셔츠는 보자마자 '이건 사야 해!'라고 외칠 정도였습니다. 실제로 받아보니 화면으로 보는 것보다 훨씬 더 예쁘고 마음에 듭니다.무엇보다 티셔츠의 품질이 정말 좋았습니다. 부드러운 면 소재 덕분에 착용감이 뛰어나고, 땀 흡수도 잘 돼서 여름에도 쾌적하게 입을 수 있을 것 같아요. 박음질도 꼼꼼하게 되어 있어서 오래 입어도 변형될 걱정은 없을 듯합니다.배송도 빨라서 주문하고 얼마 지나지 않아 바로 받아볼 수 있었어요. Google Merchandise Store의 빠른 배송 서비스에 감탄했습니다. Google 로고 티셔츠는 디자인, 품질, 배송 모든 면에서 만족스러운 제품입니다. 앞으로도 자주 이용할 것 같아요!",Instagram,@InstagramUser_1085_193
86,1086,5009,2025-04-12 3:12:00,"며칠 전 Google Merchandise Store에서 구매한 Google 백팩, 정말 기대 이상입니다! 깔끔하고 세련된 디자인이 마음에 쏙 들어요. Google의 아이덴티티를 은은하게 드러내면서도 과하지 않아 어느 옷차림에도 잘 어울립니다. 수납공간도 넉넉해서 노트북, 책, 태블릿 등 필요한 물건들을 충분히 넣을 수 있고, 분리된 공간들이 있어 물건을 정리하기도 편리합니다. 특히 어깨끈과 등받이 부분의 쿠션이 푹신해서 장시간 착용해도 어깨에 부담이 덜하네요. 꼼꼼한 마감과 튼튼한 재질 덕분에 오래 사용할 수 있을 것 같아요. 배송도 빨랐고, 포장 상태도 훌륭했습니다. Google 백팩, 앞으로 저의 최애 백팩이 될 것 같습니다! 강력 추천합니다.",Instagram,@InstagramUser_1086_608
87,1087,5004,2025-01-16 8:59:32,"Google 에코백을 직접 구매하여 사용해 본 후기를 남깁니다. 평소 심플하면서도 실용적인 디자인을 선호하는데, Google 에코백은 제 취향에 완벽하게 부합했습니다. 깔끔한 디자인은 어떤 옷차림에도 잘 어울려 매일 들고 다니기에 부담이 없습니다.넉넉한 수납공간 덕분에 책이나 노트북, 개인 소지품 등을 여유롭게 넣을 수 있어 매우 편리합니다. 특히, 튼튼한 재질로 만들어져 무거운 물건을 넣어도 안심하고 사용할 수 있다는 점이 가장 만족스럽습니다. 꼼꼼한 박음질 마감 처리 또한 오랫동안 사용할 수 있을 것 같은 믿음을 줍니다. 배송도 빨랐고, 포장 상태도 깔끔했습니다. Google 에코백은 디자인, 기능, 품질 모든 면에서 만족스러운 제품입니다. 적극 추천합니다!",YouTube,@YouTubeUser_1087_439
88,1088,5007,2025-01-28 12:14:01,"Google 로고 티셔츠 구매 후기입니다. 평소 심플한 디자인을 선호하는 편이라 Google 로고가 깔끔하게 박힌 티셔츠가 마음에 들어 구매했습니다. 재질도 부드럽고 착용감이 좋아서 자주 손이 갑니다. 특히 캐주얼한 옷차림에 잘 어울려서 만족스럽습니다.다만, 세탁 후 약간의 수축이 있다는 점이 아쉽습니다. 한 사이즈 크게 주문했더니 지금은 딱 맞지만, 처음 받았을 때는 조금 컸습니다. 혹시 구매를 고려하신다면 세탁 후 수축을 감안하여 사이즈를 선택하시는 것을 추천드립니다. 디자인과 착용감은 훌륭하지만, 사이즈 선택에 신중해야 할 것 같습니다.",Facebook,@FacebookUser_1088_289
89,1089,5002,2025-04-11 10:10:52,"최근 Google Merchandise Store에서 Google 스마트 스피커를 구매했습니다. 기대가 컸던 만큼 아쉬움도 남습니다. 우선 음성 인식률이 광고만큼 뛰어나지 않아, 가끔 엉뚱한 명령을 수행하거나 알아듣지 못하는 경우가 발생합니다. 특히 주변 소음이 있는 환경에서는 인식률이 더욱 떨어져 불편함을 느꼈습니다.또한, 스피커 자체의 음질도 기대에 미치지 못했습니다. 저음은 부족하고, 고음은 다소 뭉개지는 느낌이 들어 음악 감상용으로는 부족하다고 생각합니다. Google 스마트 스피커의 펌웨어 업데이트를 통해 이러한 문제점들이 개선되기를 바랍니다. 마지막으로, 배송 과정에서 제품 박스가 심하게 훼손된 채로 도착했습니다. 다행히 제품 자체에는 문제가 없었지만, 배송 과정에서의 주의가 필요하다고 생각합니다.",X,@XUser_1089_745
90,1090,5002,2025-06-14 3:45:04,"Google 백팩을 구매하고 정말 만족스럽게 사용하고 있습니다. 깔끔하고 세련된 디자인이 마음에 쏙 들 뿐만 아니라, 수납 공간도 넉넉해서 노트북, 책, 기타 소지품을 모두 편리하게 정리할 수 있습니다. 특히 어깨끈이 편안하게 디자인되어 있어서 무거운 짐을 넣어도 어깨에 부담이 덜한 점이 가장 좋습니다. 튼튼한 재질로 만들어져서 오래 사용할 수 있을 것 같고, 마감 처리도 꼼꼼해서 품질 면에서도 매우 만족스럽습니다. 배송도 빨랐고 포장도 꼼꼼하게 되어 있어서 기분 좋게 받을 수 있었습니다. 전체적으로 디자인, 기능, 품질 모든 면에서 훌륭한 제품이라고 생각하며, 주변 사람들에게도 적극적으로 추천하고 싶습니다. Google 백팩 덕분에 매일 아침 학교/회사 가는 길이 즐거워졌습니다.",YouTube,@YouTubeUser_1090_686
91,1091,5001,2025-03-12 14:42:47,"Google Merchandise Store에서 구매한 Google 백팩 사용 후기입니다. 전체적으로 디자인은 깔끔하고 Google의 브랜드 이미지를 잘 살린 것 같습니다. 하지만 기대했던 것만큼 품질이 좋지는 않았습니다.가장 아쉬운 점은 백팩의 내구성입니다. 몇 번 사용하지 않았는데도 불구하고, 어깨끈 연결 부위의 박음질이 약해지는 것이 느껴졌습니다. 무거운 물건을 자주 넣고 다니는 저에게는 불안하게 느껴졌습니다. 또한, 백팩 내부의 수납공간 분리도 다소 부족하다고 생각합니다. 노트북이나 태블릿을 안전하게 보관할 수 있는 별도의 공간이 있었으면 좋았을 텐데, 그렇지 않아 아쉬웠습니다.물론 디자인은 만족스럽지만, 백팩의 기본적인 기능과 내구성이 뒷받침되지 못한다는 점이 아쉽습니다. Google 백팩의 품질 개선을 통해 더 많은 고객들이 만족할 수 있기를 바랍니다.",Facebook,@FacebookUser_1091_646
92,1092,5001,2025-01-15 11:31:53,"구글 크롬캐스트, 며칠 사용해 보니 확실히 편리하네요. 핸드폰으로 보던 유튜브 영상이나 넷플릭스를 큰 TV 화면으로 간편하게 볼 수 있다는 점이 가장 마음에 듭니다. 설치도 어렵지 않았고, 연결도 안정적이어서 끊김 없이 영상 시청이 가능했습니다. 특히, 미러링 기능으로 핸드폰 화면을 그대로 TV에 띄울 수 있어서 프레젠테이션 자료를 보여줄 때도 유용하게 사용했습니다.다만, 가끔 와이파이 연결이 불안정해지는 경우가 있어서 이 부분은 조금 아쉽습니다. 그리고 크롬캐스트 자체 리모컨이 없어서 핸드폰으로 조작해야 한다는 점도 번거롭게 느껴질 때가 있네요. 그래도 전반적으로 가격 대비 만족스러운 제품이라고 생각합니다. 집에서 TV 시청 환경을 업그레이드하고 싶으신 분들께 추천하고 싶습니다.",Instagram,@InstagramUser_1092_355
93,1093,5010,2025-05-16 4:06:50,"Google 로고 티셔츠 구매 후기입니다. 평소 심플한 디자인을 선호하는 편인데, Google 로고가 깔끔하게 박힌 이 티셔츠는 보자마자 마음에 쏙 들었습니다. 재질도 부드럽고 착용감이 정말 좋아서 자주 손이 갑니다. 세탁 후에도 변형이 거의 없고, 색상도 그대로 유지되는 점이 특히 만족스럽습니다. 배송도 빨랐고, 포장도 꼼꼼하게 되어 있어서 기분 좋게 받을 수 있었습니다. 캐주얼하게 코디하기에도 좋고, 어느 옷에나 잘 어울려서 활용도가 높습니다. Google 로고 티셔츠, 정말 잘 산 것 같습니다! 앞으로도 애용할 것 같아요.",X,@XUser_1093_795
94,1094,5001,2024-11-16 23:12:57,"Google Merchandise Store에서 구매한 Google 후드티, 정말 만족스럽습니다! 평소 심플하면서도 개성 있는 디자인을 선호하는데, Google 로고가 은은하게 들어간 후드티 디자인이 제 취향에 딱 맞았습니다.무엇보다 마음에 들었던 점은 품질입니다. 부드러운 면 소재로 만들어져 착용감이 정말 좋고, 잦은 세탁에도 변형이 없을 정도로 튼튼합니다. 후드 부분도 넉넉해서 편안하게 쓸 수 있고, 기모 안감 덕분에 따뜻하게 입을 수 있어 요즘 같은 날씨에 정말 유용합니다.배송도 빨랐고, 포장도 꼼꼼하게 되어 있어서 받는 순간부터 기분이 좋았습니다. 캐주얼한 옷차림에 잘 어울리는 Google 후드티, 앞으로도 자주 애용할 것 같습니다. 강력 추천합니다!",Instagram,@InstagramUser_1094_934
95,1095,5008,2025-02-11 3:31:33,"Pixel 폰 케이스를 구매하고 사용해 본 후 솔직한 후기를 남깁니다. 디자인 자체는 Pixel 폰과 잘 어울리고 깔끔해서 만족스러웠습니다. 하지만 케이스의 내구성이 생각보다 약해서 실망했습니다. 몇 번 떨어뜨리지 않았음에도 불구하고 모서리 부분이 쉽게 깨지거나 흠집이 생기는 것을 확인했습니다. 스마트폰을 보호하는 본연의 기능이 부족하다고 느껴져 아쉬웠습니다.또한, 케이스 표면에 먼지가 잘 달라붙는 것도 불편했습니다. 자주 닦아주지 않으면 금세 지저분해 보여서 관리에 신경을 많이 써야 했습니다. 가격을 고려했을 때, 이 정도의 내구성과 마감은 개선이 필요하다고 생각합니다. 앞으로는 더욱 튼튼하고 오랫동안 사용할 수 있는 Pixel 폰 케이스가 출시되기를 기대합니다.",YouTube,@YouTubeUser_1095_721
96,1096,5003,2025-03-23 19:08:47,"Google 에코백, 드디어 제 손에 들어왔네요! 평소 심플하면서도 실용적인 디자인을 선호하는데, Google 에코백은 딱 제가 원하던 스타일이었어요. 튼튼한 재질 덕분에 책이나 노트북을 넣어도 안심이 되고, 어깨에 멨을 때 착용감도 정말 편안합니다. 특히 Google 로고가 은은하게 새겨져 있어서 너무 튀지 않으면서도 세련된 느낌을 줘요.배송도 꼼꼼하게 포장되어 빠르게 도착했고, 받아보니 기대 이상으로 품질이 좋아서 정말 만족스럽습니다. 가볍게 장보러 갈 때나, 공부하러 카페 갈 때 등 데일리백으로 활용하기 너무 좋아요. 앞으로도 자주 애용할 것 같습니다! 오래오래 잘 사용할게요.",네이버카페,@Naver카페User_1096_609
97,1097,5010,2024-12-08 10:06:13,"Pixel 폰 케이스를 사용한 지 한 달 정도 되었습니다. Pixel 스마트폰에 완벽하게 맞는 디자인 덕분에 그립감이 상당히 좋아졌습니다. 특히 미끄럼 방지 처리가 되어 있어 안심하고 사용할 수 있다는 점이 마음에 듭니다. 색상도 Pixel폰과 잘 어울리고, 깔끔한 디자인 덕분에 폰이 더욱 돋보이는 느낌입니다.다만, 아쉬운 점은 케이스를 오래 사용하다 보니 약간의 변색이 있다는 것입니다. 그리고 가격대가 조금 높은 편이라 망설였지만, 결국 구매하게 되었습니다. 전반적으로 만족스러운 제품이지만, 가격과 내구성에 조금 더 신경 써주시면 더욱 좋을 것 같습니다. Pixel 폰 케이스를 고민하시는 분들께 도움이 되었으면 좋겠습니다.",X,@XUser_1097_728
98,1098,5009,2025-02-09 16:09:16,"Google 스마트 스피커 사용 후기Google 스마트 스피커를 구매하여 사용한 지 한 달 정도 되었습니다. 전반적으로 디자인은 깔끔하고 인테리어 소품으로도 괜찮지만, 기대했던 만큼의 성능은 아니었습니다.가장 아쉬운 점은 음성 인식률입니다. 주변 소음이 조금만 있어도 제 말을 제대로 알아듣지 못하는 경우가 잦았습니다. 특히, 음악을 재생 중일 때는 더욱 심각하여 여러 번 다시 말해야 했습니다.또한, 한국어 지원이 완벽하지 않아 특정 명령어는 영어로 해야만 작동하는 불편함이 있습니다. 한국 사용자를 위한 최적화가 덜 된 것 같아 아쉽습니다.배송은 비교적 빨랐지만, 제품 포장이 조금 허술했습니다. 완충재가 부족하여 배송 중 파손될까 봐 염려스러웠습니다.Google 스마트 스피커의 개선을 통해 더욱 만족스러운 제품이 되기를 바랍니다.",YouTube,@YouTubeUser_1098_493
99,1099,5010,2025-06-04 21:22:45,"Google Merchandise Store에서 구매한 Google 에코백, 정말 만족스럽습니다! 심플하면서도 세련된 Google 로고 디자인이 마음에 쏙 들어요. 튼튼한 재질 덕분에 무거운 책이나 노트북을 넣어도 안심이 됩니다. 장바구니 대용으로 사용하기도 좋고, 평소에 가볍게 들고 다니기에도 부담 없어서 활용도가 높아요. 어깨에 편안하게 멜 수 있도록 끈 길이도 적당하고, 내부 수납공간도 넉넉해서 소지품 정리가 용이합니다. 배송도 빨랐고 포장도 깔끔하게 되어 있어서 받는 순간부터 기분이 좋았습니다. 여러모로 만족스러운 Google 에코백, 적극 추천합니다!",Twitter,@TwitterUser_1099_739
100,1100,5009,2024-12-27 5:01:42,"최근에 Google Merchandise Store에서 구매한 'Google 스마트 스피커'에 대한 만족도가 매우 높아 후기를 남깁니다. 깔끔하고 모던한 디자인 덕분에 어느 인테리어에도 잘 어울리는 점이 마음에 듭니다.무엇보다 편리한 음성 인식 기능이 가장 만족스럽습니다. 요리 중이거나 손을 자유롭게 사용하기 어려울 때, ""Hey Google""이라고 부르면 음악 재생, 알람 설정, 날씨 확인 등을 손쉽게 할 수 있어 정말 편리합니다. 음성 인식률도 뛰어나서 시끄러운 환경에서도 제 목소리를 잘 알아듣습니다.또한, Google Home 앱과의 연동도 간편하여 다른 스마트 기기들과 연결하여 사용할 수 있다는 점도 큰 장점입니다. 전체적으로 품질이 매우 뛰어나며, 배송 또한 안전하고 빠르게 이루어져 매우 만족스러운 구매 경험이었습니다. 주변 사람들에게도 적극 추천하고 싶습니다.",Twitter,@TwitterUser_1100_580
101,1101,5010,2025-02-24 9:51:19,"Google 백팩 구매 후 너무 만족스러워서 리뷰 남깁니다. 평소 심플하면서도 세련된 디자인을 선호하는데, Google 백팩은 딱 그런 스타일이라 한눈에 반했어요. 특히, 노트북 수납 공간이 넉넉하고 안전하게 보호해 주는 점이 마음에 듭니다. 백팩 무게도 가벼워서 장시간 착용해도 어깨에 부담이 덜하고요.가방 재질도 튼튼하고 마감도 꼼꼼해서 오래 사용할 수 있을 것 같습니다. 수납 공간도 다양해서 책, 태블릿, 개인 소지품 등을 깔끔하게 정리할 수 있다는 점도 좋았습니다. 배송도 빨랐고, 포장도 꼼꼼하게 되어 있어서 기분 좋게 제품을 받을 수 있었습니다. 디자인, 기능, 품질 모두 만족스러운 Google 백팩, 적극 추천합니다!",Twitter,@TwitterUser_1101_438
102,1102,5008,2025-03-06 5:34:35,"Google Merchandise Store Google 후드티 리뷰평소 Google 제품을 애용하는 사람으로서 Google 후드티를 구매해 보았습니다. 기대했던 것보다 훨씬 만족스럽습니다. 우선, 디자인이 너무 예뻐서 평상복으로 입기에 부담스럽지 않고, 오히려 포인트를 줄 수 있어서 좋습니다. 깔끔하면서도 Google의 아이덴티티가 잘 드러나는 디자인이라고 생각합니다.무엇보다 마음에 들었던 점은 품질입니다. 기모 안감 덕분에 착용감이 매우 부드럽고 따뜻해서 요즘처럼 쌀쌀한 날씨에 입기 딱 좋습니다. 몇 번 세탁했는데도 변형이 거의 없고, 색상도 그대로 유지되는 것을 보니 내구성이 좋은 것 같습니다.배송도 꼼꼼하게 포장되어 빠르게 도착했습니다. Google 후드티는 디자인, 품질, 배송까지 모든 면에서 만족스러운 제품입니다. 앞으로도 자주 이용할 것 같습니다. 적극 추천합니다!",Threads,@ThreadsUser_1102_116
103,1103,5003,2025-01-29 15:46:34,"Google Merchandise Store에서 구매한 Google 후드티, 정말 만족스럽습니다! 평소에 심플하면서도 개성 있는 디자인을 선호하는데, Google 로고가 은은하게 들어가 있어서 과하지 않으면서도 세련된 느낌을 줍니다.무엇보다 마음에 드는 건 뛰어난 품질이에요. 부드러운 면 소재 덕분에 착용감이 정말 편안하고, 잦은 세탁에도 변형이 거의 없어서 오랫동안 잘 입을 수 있을 것 같습니다. 넉넉한 사이즈로 활동하기에도 불편함이 없고, 후드 부분도 깊어서 바람을 잘 막아줍니다.배송도 빨랐고, 포장도 꼼꼼하게 되어 있어서 기분 좋게 상품을 받을 수 있었습니다. Google 후드티는 캐주얼하게 어디든 매치하기 좋아서 요즘 제 최애템이 되었어요. 고민하시는 분들께 강력 추천합니다!",Threads,@ThreadsUser_1103_362
104,1104,5010,2025-06-29 4:08:18,"Google Merchandise Store에서 구매한 Google 후드티에 대한 솔직한 후기입니다. 평소 Google 제품에 대한 애정이 있어서 망설임 없이 구매했는데, 기대했던 만큼 만족스러운 부분도 있고 아쉬운 부분도 있었습니다.일단, Google 후드티의 가장 큰 장점은 역시 편안한 착용감입니다. 부드러운 면 소재라 활동하기에도 좋고, 핏도 넉넉해서 집에서 편하게 입기에도 안성맞춤입니다. Google 로고가 깔끔하게 디자인되어 있어서 캐주얼하게 코디하기에도 용이합니다.하지만 한 가지 아쉬운 점은 가격 대비 마감 처리입니다. 몇 번 세탁했더니 약간의 보풀이 일어나는 것을 발견했습니다. 물론 심각한 수준은 아니지만, 가격을 생각하면 조금 더 꼼꼼한 마감이었으면 좋았을 것 같습니다. 전반적으로 디자인과 착용감은 만족스럽지만, 내구성에 대한 부분은 조금 더 개선되었으면 하는 바람입니다.",네이버카페,@Naver카페User_1104_664
105,1105,5002,2025-02-05 0:58:45,"구글 크롬캐스트를 구매하여 사용한 지 2주 정도 되었습니다. 사용하기 간편하다는 점이 가장 큰 장점인 것 같습니다. 스마트폰이나 태블릿에서 보던 영상을 큰 TV 화면으로 쉽게 옮겨 볼 수 있어서 편리합니다. 특히 유튜브나 넷플릭스 시청 시 유용하게 사용하고 있습니다.다만, 가끔 와이파이 연결이 불안정해 영상이 끊기는 현상이 발생합니다. 와이파이 공유기 위치를 바꿔봐도 완전히 해결되지는 않네요. 그리고 다양한 앱을 지원하는 것은 좋지만, 아직까지 모든 앱이 크롬캐스트에 최적화되어 있는 것 같지는 않습니다. 이 부분은 앞으로 개선되기를 기대해 봅니다. 전체적으로는 만족스럽지만, 와이파이 연결 안정성이 조금 더 개선된다면 더할 나위 없이 좋을 것 같습니다.",네이버카페,@Naver카페User_1105_337
106,1106,5009,2025-01-22 8:44:14,"Google 스테인리스 물병을 구매하고 매우 만족스러운 경험을 했습니다. 깔끔하고 세련된 디자인이 마음에 들어 매일 들고 다니고 있습니다. 특히 무광택 마감 처리가 고급스러움을 더해줍니다.보온/보냉 기능도 탁월하여, 아침에 넣어둔 따뜻한 차가 오후까지 따뜻하게 유지되는 점이 놀라웠습니다. 여름에는 시원한 물을 오랫동안 시원하게 마실 수 있을 것 같아 벌써부터 기대됩니다.뿐만 아니라, 튼튼한 스테인리스 재질 덕분에 안심하고 사용할 수 있습니다. 뚜껑도 완벽하게 밀폐되어 가방에 넣고 다녀도 전혀 새는 걱정 없이 사용할 수 있어 매우 편리합니다. Google 스테인리스 물병, 적극 추천합니다!",네이버카페,@Naver카페User_1106_133
107,1107,5006,2025-03-22 0:56:47,"구글 머천다이즈 스토어에서 구매한 네스트 허브, 정말 만족스럽습니다! 디자인이 깔끔하고 세련되어 어느 인테리어에도 잘 어울립니다. 특히 음성 인식 기능이 뛰어나서 요리 중에도 간편하게 음악을 재생하거나 레시피를 확인할 수 있어서 편리합니다. 또한, 연동된 스마트 기기를 제어하는 기능도 유용하게 사용하고 있습니다. 배송도 빨랐고, 포장도 꼼꼼하게 되어 있어서 안심하고 받을 수 있었습니다. 전반적으로 품질, 기능, 디자인 모두 훌륭한 제품이라고 생각합니다. 네스트 허브 덕분에 스마트한 생활이 더욱 편리해졌습니다. 주변 사람들에게도 적극적으로 추천하고 싶습니다.",YouTube,@YouTubeUser_1107_493
108,1108,5006,2025-05-20 8:26:05,"Google 로고 티셔츠 구매 후기입니다. 평소 심플한 디자인을 선호하는 편인데, Google 로고 티셔츠는 깔끔하면서도 세련된 느낌이라 보자마자 마음에 들었습니다. 무엇보다 티셔츠의 품질이 정말 좋습니다. 면 소재가 부드럽고 탄탄해서 착용감이 매우 편안하며, 세탁 후에도 변형이 거의 없었습니다. 땀 흡수도 잘 되는 편이라 여름에도 쾌적하게 입을 수 있을 것 같습니다.배송도 빨랐고, 포장도 꼼꼼하게 되어 있어서 받는 순간부터 기분이 좋았습니다. 평소 캐주얼한 스타일을 즐겨 입는데, Google 로고 티셔츠는 어떤 옷에도 잘 어울려서 활용도가 높습니다. 앞으로도 자주 애용할 것 같습니다. 좋은 상품 감사합니다!",Twitter,@TwitterUser_1108_886
109,1109,5010,2025-04-05 18:16:02,"Google Merchandise Store 'Google 후드티' 고객 리뷰:평소 Google 굿즈에 관심이 많았는데, 이번에 큰맘 먹고 'Google 후드티'를 구매했습니다. 솔직히 가격이 조금 부담스러웠지만, 받아보고 나서 그런 생각이 싹 사라졌습니다. 일단 재질이 정말 부드럽고 탄탄해서 놀랐습니다. 싼 티 나는 후드티와는 확실히 다르다는 게 느껴졌습니다.디자인도 과하지 않으면서 Google 특유의 심플함이 잘 살아있어서 마음에 듭니다. 평소 캐주얼하게 입는 것을 좋아하는데, 어떤 옷에도 잘 어울려서 활용도가 높습니다. 후드 크기나 핏도 너무 넉넉하거나 딱 맞지 않고 적당해서 활동하기에도 편합니다.배송도 꼼꼼하게 포장되어 빠르게 도착했고, 전체적으로 아주 만족스러운 구매였습니다. 앞으로도 Google Merchandise Store에서 좋은 상품 많이 판매해주시면 좋겠습니다. 'Google 후드티' 적극 추천합니다!",네이버카페,@Naver카페User_1109_284
110,1110,5001,2024-12-08 23:12:08,"Google 로고 티셔츠 구매 후기입니다. 평소에 Google 제품을 좋아해서 Google Merchandise Store에서 티셔츠를 발견하고 바로 구매했습니다. 디자인은 역시 깔끔하고 마음에 듭니다. Google 로고가 심플하게 박혀 있어서 어느 옷에나 무난하게 잘 어울립니다. 면 소재도 부드러워서 착용감도 괜찮습니다.다만, 몇 번 세탁했더니 약간의 물 빠짐이 있는 것 같습니다. 흰색 옷과 함께 세탁하는 것은 피해야 할 것 같습니다. 그리고 생각보다 티셔츠의 폭이 조금 좁게 나온 것 같아서, 편안하게 입으려면 한 사이즈 크게 주문하는 것을 추천합니다. 전반적으로 디자인이나 품질은 만족스럽지만, 세탁 시 주의해야 한다는 점과 사이즈 선택에 신중해야 한다는 점이 조금 아쉽습니다.",네이버카페,@Naver카페User_1110_331
111,1111,5002,2025-06-30 4:41:29,"Pixel 폰 케이스를 구매하고 사용해 본 후 솔직한 후기를 남깁니다. 디자인 자체는 Pixel 스마트폰과 잘 어울리고 깔끔해서 만족스러웠습니다. 하지만 케이스 재질이 생각보다 미끄러워서 스마트폰을 손에 쥐고 있을 때 불안한 느낌이 자주 들었습니다. 특히 겨울철에는 손이 건조해져서 더욱 미끄러워지는 경향이 있습니다.또한, 케이스 모서리 부분이 쉽게 마모되는 것 같습니다. 사용한 지 한 달 정도밖에 되지 않았는데 벌써부터 모서리 부분에 약간의 흠집이 생기기 시작했습니다. 가격을 고려했을 때 내구성이 조금 더 좋았으면 하는 아쉬움이 남습니다.Pixel 폰 케이스의 디자인은 훌륭하지만, 재질과 내구성에 대한 개선이 이루어진다면 더욱 만족스러운 제품이 될 것이라고 생각합니다. 다음 버전에서는 미끄럼 방지 기능이 강화된 재질을 사용하거나, 내구성을 높이는 코팅 처리가 추가되면 좋겠습니다.",블로그,@BlogUser_1111_416
112,1112,5004,2025-05-28 11:47:03,"Google 스테인리스 물병을 구매하고 매우 만족스러워서 리뷰를 남깁니다. 평소에 물을 많이 마시는 편이라 휴대하기 좋은 물병을 찾고 있었는데, 깔끔한 디자인에 이끌려 구매하게 되었습니다.실제로 사용해보니 기대 이상으로 좋았습니다. 스테인리스 재질이라 위생적이고, 보온/보냉 기능도 뛰어나 오랫동안 음료를 시원하게 유지해줘서 만족스럽습니다. 특히 여름철에 얼음을 넣어 다니니 하루 종일 시원하게 마실 수 있어서 정말 유용했습니다.또한, 튼튼한 내구성 덕분에 가방에 넣고 다녀도 안심이 됩니다. 세척도 간편해서 매일 사용하는데 부담이 없습니다. Google 스테인리스 물병, 디자인, 기능, 품질 모두 만족스러운 제품입니다. 적극 추천합니다!",블로그,@BlogUser_1112_471
113,1113,5006,2025-02-17 12:34:28," 크롬캐스트 사용 후기: 삶의 질을 높여주는 최고의 아이템!구글 머천다이즈 스토어에서 구매한 크롬캐스트, 정말 만족스럽습니다! 복잡한 설정 없이 간단하게 TV에 연결하고 스마트폰과 연동하니, 유튜브 영상이나 넷플릭스를 큰 화면으로 즐길 수 있게 되었습니다.특히 좋았던 점은 사용 편의성입니다. 스마트폰으로 간단하게 콘텐츠를 전송하고, 볼륨 조절이나 재생/정지 등의 제어도 손쉽게 할 수 있어서 정말 편리합니다. 화질도 선명하고 끊김 없이 부드럽게 재생되는 점도 마음에 듭니다.디자인도 깔끔하고 작아서 TV 주변을 지저분하게 만들지 않아 좋았습니다. 배송도 빨랐고, 포장도 꼼꼼하게 되어 있어서 안전하게 받을 수 있었습니다. 고민 끝에 구매했는데, 크롬캐스트 덕분에 집에서 보내는 시간이 훨씬 즐거워졌습니다. 강력 추천합니다!",Threads,@ThreadsUser_1113_972
114,1114,5010,2025-06-01 22:22:56,"Google 에코백, 드디어 제 손에 들어왔습니다! 평소 미니멀한 디자인을 선호하는데, Google 로고가 은은하게 새겨진 이 에코백은 보자마자 마음에 쏙 들었습니다. 특히 튼튼한 재질이 가장 만족스럽습니다. 책이나 노트북을 넣어도 쳐지지 않고 각이 잘 유지되는 점이 좋습니다. 넉넉한 수납공간 덕분에 이것저것 많이 넣고 다닐 수 있어서 실용성도 최고입니다. 어깨에 멨을 때 착용감도 편안하고, 어느 옷차림에나 잘 어울려서 매일 들고 다니게 되네요. 배송도 빨라서 기다림 없이 바로 사용할 수 있었습니다. Google 에코백, 정말 잘 산 것 같아요! 앞으로도 애용할 생각입니다.",X,@XUser_1114_753
115,1115,5008,2025-04-27 8:44:56,"Google Merchandise Store에서 구매한 Google 백팩에 대한 솔직한 후기입니다. 디자인 자체는 깔끔하고 Google의 아이덴티티를 잘 담아낸 것 같아 만족스럽습니다. 하지만 실사용하며 몇 가지 아쉬운 점이 있었습니다.우선, 백팩의 소재가 생각보다 튼튼하지 않은 느낌입니다. 몇 번 사용하지 않았는데도 불구하고, 가방끈 연결 부위가 약간씩 헐거워지는 듯한 불안감이 듭니다. 무거운 물건을 자주 넣는 저에게는 내구성이 부족하게 느껴졌습니다.또한, 수납공간 구성도 다소 아쉽습니다. 노트북 수납 공간은 마련되어 있지만, 개인 소지품을 분리해서 보관할 수 있는 세분화된 공간이 부족하여 물건을 찾을 때 불편함이 있습니다. 좀 더 실용적인 수납 공간 구성이 필요하다고 생각합니다.전반적으로 디자인은 만족스럽지만, 내구성과 수납 공간 구성 면에서 개선이 이루어진다면 더욱 만족스러운 Google 백팩이 될 것 같습니다.",블로그,@BlogUser_1115_468
116,1116,5003,2025-03-16 20:49:28,"Google Merchandise Store에서 구매한 Pixel 폰 케이스, 정말 만족스럽습니다! 핸드폰을 완벽하게 보호해 주는 것은 물론이고, 디자인도 Pixel의 깔끔한 감성을 그대로 담아내서 너무 예쁩니다. 특히 케이스의 재질이 부드러우면서도 미끄럼 방지가 잘 되어 있어서 그립감이 정말 좋았습니다. 덕분에 핸드폰을 떨어뜨릴 염려 없이 편안하게 사용할 수 있게 되었어요.버튼 부분도 섬세하게 디자인되어 있어서 누르기 쉽고, 충전 포트나 스피커 홀 부분도 정확하게 뚫려 있어서 사용에 불편함이 전혀 없습니다. 배송도 빨랐고, 포장도 꼼꼼하게 되어 있어서 받는 순간부터 기분이 좋았습니다. Pixel 폰 케이스 덕분에 핸드폰을 더욱 아끼면서 사용할 수 있게 되었습니다. 고민하시는 분들께 강력 추천합니다!",Threads,@ThreadsUser_1116_919
117,1117,5003,2024-11-16 1:35:25,"Pixel 폰 케이스 사용 후기구글 머천다이즈 스토어에서 Pixel 폰 케이스를 구매하여 사용한 지 2주 정도 되었습니다. 우선 디자인이 깔끔하고 Pixel 폰과 완벽하게 어울리는 점이 마음에 듭니다. 특히, 케이스의 질감이 좋아서 그립감이 향상되어 스마트폰을 더욱 안정적으로 사용할 수 있게 되었습니다. 버튼 누르는 느낌도 괜찮고, 카메라 보호를 위한 디자인도 만족스럽습니다.다만, 가격대가 조금 높다는 점은 아쉽습니다. 또한, 사용하다 보니 먼지가 잘 묻는 재질이라는 점도 조금 신경 쓰입니다. 폰 케이스 색상이 다양하지 않은 점도 선택의 폭을 좁게 만드는 것 같습니다. 전반적으로 퀄리티는 만족스럽지만, 가격과 먼지 문제, 색상 다양성 측면에서 개선이 이루어진다면 더욱 완벽한 Pixel 폰 케이스가 될 것이라고 생각합니다.",YouTube,@YouTubeUser_1117_834
118,1118,5008,2025-01-11 5:24:15,"최근에 Google Merchandise Store에서 Google 스마트 스피커를 구매했는데, 정말 만족스럽습니다. 깔끔하고 모던한 디자인 덕분에 어느 인테리어에도 잘 어울리는 점이 가장 마음에 듭니다. 음성 인식 기능도 매우 뛰어나서, 멀리 떨어진 거리에서도 제 목소리를 정확하게 인식하고 원하는 음악을 틀어주거나 날씨 정보를 알려줍니다.특히 Google 어시스턴트 연동이 편리해서, 집안의 다른 스마트 기기들을 음성으로 제어할 수 있다는 점이 정말 편리합니다. Google 스마트 스피커 덕분에 집안일이 훨씬 수월해졌습니다. 배송도 꼼꼼하게 포장되어 빠르게 도착했고, 설치 및 사용법도 간편해서 어르신들도 쉽게 사용할 수 있을 것 같습니다. 전반적으로 가격 대비 성능이 매우 뛰어나다고 생각합니다. 강력 추천합니다!",YouTube,@YouTubeUser_1118_179
119,1119,5009,2024-12-24 1:41:31,"Google Merchandise Store에서 구매한 Google 머그컵에 대한 솔직한 후기입니다. 디자인 자체는 깔끔하고 Google의 아이덴티티를 잘 담아낸 것 같아 만족스러웠습니다. 하지만 며칠 사용해보니 아쉬운 점들이 눈에 띄었습니다.우선 머그컵의 재질이 생각보다 약한 것 같습니다. 뜨거운 물을 담았을 때 머그컵 표면이 뜨거워져 손으로 잡기 힘들 정도였습니다. 내열성이 조금 더 강했으면 좋겠다는 생각이 들었습니다. 또한, 컵의 마감 처리도 완벽하지 않아 약간 거친 부분이 있었습니다.가장 실망스러웠던 점은 배송 과정이었습니다. 주문 후 배송까지 2주 이상 소요되었고, 컵 포장 상태도 불안정하여 파손될까 봐 염려되었습니다.Google의 이름을 걸고 판매하는 상품인 만큼, 품질 관리와 배송 서비스 개선에 좀 더 신경 써주셨으면 좋겠습니다. 디자인은 훌륭하지만, 실용성과 내구성이 뒷받침되지 못해 아쉬움이 남는 Google 머그컵입니다.",Threads,@ThreadsUser_1119_793
120,1120,5001,2024-12-17 11:17:24,"Google Merchandise Store에서 구매한 Google 스테인리스 물병에 대한 후기입니다. Google 제품을 애용하는 입장에서 기대가 컸지만, 아쉬운 점이 많았습니다.우선, 보온/보냉 성능이 기대에 미치지 못했습니다. 광고에서는 장시간 유지가 가능하다고 했는데, 실제로는 3~4시간 정도 지나면 미지근해져서 아쉬웠습니다. 특히 겨울철에는 따뜻한 물을 담아도 금방 식어버리는 점이 불편했습니다.또한, 뚜껑 부분의 마감도 다소 미흡했습니다. 완벽하게 밀폐되지 않아 가끔씩 물이 새는 경우가 있었습니다. 가방에 넣고 다닐 때 불안해서 신경이 쓰였습니다. 디자인은 깔끔하고 Google 로고도 마음에 들지만, 기능적인 측면에서 개선이 필요하다고 생각합니다. Google 스테인리스 물병의 품질 개선을 통해 더욱 만족스러운 제품으로 거듭나길 바랍니다.",Twitter,@TwitterUser_1120_375
121,1121,5006,2025-02-13 19:45:52,"Google 에코백, 드디어 제 손에 들어왔네요! 평소에 워낙 구글 제품을 애용하는 터라 망설임 없이 구매했는데, 정말 기대 이상입니다. 깔끔한 디자인은 물론이고, 튼튼한 재질 덕분에 책이나 노트북을 넣어도 안심이 됩니다. 어깨에 멨을 때 착용감도 편안해서 매일 들고 다니고 싶을 정도예요.특히 마음에 들었던 점은 수납공간이 넉넉하다는 겁니다. 작은 소지품을 넣을 수 있는 내부 포켓이 있어서 물건 찾기도 쉽고, 실용성 면에서 아주 만족스럽습니다. 배송도 빨라서 기다리는 시간이 지루하지 않았어요. Google 에코백, 주변 사람들에게도 적극 추천하고 싶습니다!",Threads,@ThreadsUser_1121_736
122,1122,5007,2025-06-28 0:24:32,"평소 유튜브나 넷플릭스를 TV로 보고 싶었는데, 드디어 크롬캐스트를 구매했습니다. 설치도 너무 간편하고, 스마트폰으로 간단하게 연결해서 바로 TV로 볼 수 있어서 정말 편리합니다. 특히 화질 저하 없이 깔끔하게 볼 수 있다는 점이 가장 마음에 듭니다. 예전에는 작은 화면으로 보느라 눈이 아팠는데, 이제 큰 화면으로 편안하게 영상을 즐길 수 있게 되었습니다. 배송도 빨랐고, 포장도 꼼꼼하게 되어 있어서 만족스럽습니다. 크롬캐스트 덕분에 집에서 영화 보는 시간이 더욱 즐거워졌습니다. 주변 사람들에게도 적극 추천하고 싶네요!",Threads,@ThreadsUser_1122_285
123,1123,5005,2025-01-28 7:33:38,"Google Merchandise Store에서 구매한 Pixel 폰 케이스에 대한 리뷰입니다. 디자인 자체는 Pixel 폰과 잘 어울리고 깔끔해서 마음에 들었습니다. 하지만 실사용해보니 몇 가지 아쉬운 점이 있었습니다.가장 큰 문제는 케이스의 내구성입니다. 한 달 정도 사용했는데, 모서리 부분에 벌써 균열이 생기기 시작했습니다. 휴대폰을 떨어뜨린 적도 없는데, 이렇게 쉽게 손상되는 점은 실망스럽습니다. 폰을 보호하는 역할이 중요한 폰 케이스인데, 내구성이 약하다는 것은 큰 단점이라고 생각합니다.또한, 케이스 표면에 먼지가 너무 잘 달라붙습니다. 매번 닦아줘야 깔끔함을 유지할 수 있어서 번거롭습니다. Pixel 폰 케이스의 디자인은 훌륭하지만, 내구성과 먼지 흡착 문제는 개선이 필요하다고 생각합니다. 다음 버전에서는 이 점을 보완하여 더욱 만족스러운 제품을 만들어주셨으면 좋겠습니다.",X,@XUser_1123_288
124,1124,5007,2025-05-07 16:25:28,"Google 백팩 실사용 후기입니다. 디자인이 깔끔하고 세련되어 마음에 쏙 듭니다. 특히 Google 로고가 은은하게 새겨져 있어 과하지 않으면서도 멋스러움을 더합니다. 수납 공간도 넉넉해서 노트북, 책, 기타 소지품들을 여유롭게 넣을 수 있어서 좋습니다. 어깨끈과 등판 부분의 쿠션 덕분에 장시간 메고 다녀도 편안하며, 재질도 튼튼해 오래 사용할 수 있을 것 같습니다. 배송도 빨라서 만족스러웠습니다. 전반적으로 가격 대비 품질이 매우 우수하다고 생각하며, 주변 사람들에게도 적극 추천하고 싶습니다.",YouTube,@YouTubeUser_1124_268
125,1125,5001,2025-01-18 15:18:25,"Google 후드티 정말 마음에 듭니다! 평소 깔끔한 디자인을 선호하는데, Google 로고가 과하지 않으면서도 세련되게 들어가 있어서 좋습니다. 재질도 부드럽고 착용감이 뛰어나서 하루 종일 입고 있어도 불편함이 전혀 없네요. 기모 안감 덕분에 따뜻하고 포근해서 요즘처럼 쌀쌀한 날씨에 딱입니다. 넉넉한 사이즈로 편안하게 활동할 수 있는 점도 만족스럽습니다. 배송도 빨랐고, 포장 상태도 꼼꼼했습니다. 오랫동안 잘 입을 수 있을 것 같아요. 강력 추천합니다!",Twitter,@TwitterUser_1125_911
126,1126,5006,2025-03-03 11:48:30,"Google 머그컵, 디자인은 역시 심플하고 예쁘네요. Google 특유의 깔끔함이 잘 묻어나서 마음에 듭니다. 사무실에서 사용하기에도 좋고, 집에서 커피나 차를 마실 때도 기분이 좋아져요. 넉넉한 용량도 맘에 들고요.다만, 생각보다 컵 표면에 스크래치가 잘 생기는 것 같아요. 부드러운 수세미로 조심스럽게 닦는데도 불구하고, 자세히 보면 잔기스가 꽤 보이네요. 그리고 가격대가 조금 더 저렴했으면 부담 없이 여러 개 구매해서 사용할 수 있을 텐데 하는 아쉬움이 남습니다. 그래도 디자인이 예뻐서 계속 사용하게 될 것 같아요.",Facebook,@FacebookUser_1126_420
127,1127,5005,2025-02-15 16:37:23,"구글 머천다이즈 스토어에서 구매한 네스트 허브, 정말 만족스럽습니다! 깔끔하고 모던한 디자인 덕분에 어느 인테리어에도 잘 어울리는 것은 물론, 컴팩트한 사이즈라 공간 활용도도 높습니다.특히 마음에 드는 점은 다양한 기능을 음성으로 간편하게 제어할 수 있다는 것입니다. 요리하면서 레시피를 검색하거나 음악을 듣고, 날씨를 확인하는 등 손을 쓰기 어려운 상황에서도 유용하게 사용할 수 있었습니다. 또한, 구글 홈 앱과의 연동도 쉬워서 스마트 홈 기기들을 편리하게 관리할 수 있다는 점도 큰 장점입니다.배송도 빨랐고, 제품의 품질도 흠잡을 데 없이 훌륭합니다. 전반적으로 네스트 허브는 스마트한 생활을 위한 최고의 선택이라고 생각합니다. 강력 추천합니다!",Instagram,@InstagramUser_1127_405
128,1128,5006,2025-06-20 5:43:48,"Google Merchandise Store에서 구매한 Google 머그컵 사용 후기입니다. 깔끔한 디자인에 Google 로고가 심플하게 새겨져 있어 책상 위에 두니 왠지 모르게 뿌듯한 기분이 듭니다. 넉넉한 용량 덕분에 커피나 차를 자주 마시는 저에게는 아주 유용합니다. 특히, 손잡이 부분이 잡기 편하게 디자인되어 있어 장시간 사용해도 손목에 무리가 가지 않아 좋습니다.다만, 가격대가 다소 높다는 점이 아쉽습니다. 일반 머그컵에 비해 가격이 있는 편이라, 선물용으로는 괜찮지만 개인적으로 여러 개를 구매하기에는 부담스럽습니다. 또한, 표면에 약간의 스크래치가 잘 생기는 것 같아 조심히 사용해야 할 것 같습니다. 그럼에도 불구하고 Google 머그컵 특유의 디자인과 실용성은 만족스럽습니다.",X,@XUser_1128_889
129,1129,5008,2025-02-22 23:43:54,"Google 스테인리스 물병, 매일 함께하는 완벽한 동반자!Google Merchandise Store에서 구매한 Google 스테인리스 물병에 대한 만족도가 매우 높습니다. 깔끔하고 세련된 디자인이 가장 먼저 눈에 띄었고, Google 로고가 은은하게 새겨져 있어 사용할 때마다 소속감을 느끼게 해 줍니다.무엇보다 보온/보냉 기능이 탁월해서 놀랐습니다. 아침에 넣어둔 따뜻한 차가 오후까지 따뜻하게 유지되었고, 여름에는 시원한 물을 오랫동안 시원하게 마실 수 있었습니다. 또한, 스테인리스 재질이라 위생적이고 세척도 간편해서 매일 부담 없이 사용할 수 있습니다. 견고하게 만들어진 덕분에 가방에 넣고 다녀도 물이 새는 걱정 없이 안심할 수 있다는 점도 큰 장점입니다. 배송 또한 꼼꼼하게 포장되어 빠르게 도착했습니다. Google 스테인리스 물병은 디자인, 기능, 품질 모든 면에서 만족스러운 제품입니다. 주변 사람들에게도 적극 추천하고 싶습니다!",Threads,@ThreadsUser_1129_105
130,1130,5006,2024-12-29 22:14:57,"Pixel 폰 케이스를 구매하여 사용한 지 한 달 정도 되었습니다. 디자인은 깔끔하고 Pixel 폰과 잘 어울려서 만족스러웠습니다. 하지만 사용하면서 몇 가지 아쉬운 점이 있었습니다.우선, 케이스의 재질이 생각보다 미끄러워서 폰을 잡을 때 불안한 느낌이 들 때가 있습니다. 특히 손에 땀이 많은 편이라 더욱 그렇습니다. 미끄럼 방지 처리가 좀 더 확실하게 되어 있었다면 좋았을 것 같습니다.또한, 케이스의 모서리 부분이 쉽게 마모되는 경향이 있습니다. 폰을 험하게 사용하는 편은 아닌데, 벌써 몇 군데 흠집이 생겼습니다. 내구성이 조금 더 강화되었으면 하는 바람입니다.배송은 비교적 빨랐지만, 포장 상태가 조금 아쉬웠습니다. 완충재가 부족하여 케이스에 약간의 스크래치가 있었습니다. 이 점은 개선이 필요하다고 생각합니다. 전반적으로 디자인은 만족스럽지만, 재질과 내구성에 대한 보완이 이루어진다면 더욱 훌륭한 Pixel 폰 케이스가 될 것이라고 생각합니다.",X,@XUser_1130_767
131,1131,5010,2025-06-26 17:05:55," Google 머그컵 리뷰Google 머그컵, 정말 기대 이상입니다! 평소 심플한 디자인을 선호하는데, 이 머그컵은 깔끔하면서도 Google 특유의 세련됨이 묻어나와 너무 마음에 듭니다. 무엇보다 재질이 정말 좋아서 놀랐습니다. 묵직하면서도 매끄러운 촉감이 고급스러움을 더하고, 뜨거운 음료를 담아도 겉이 뜨거워지지 않아 사용하기 편리합니다. 넉넉한 용량 덕분에 커피나 차를 충분히 마실 수 있어서 더욱 좋습니다.배송도 꼼꼼하게 포장되어 파손 없이 안전하게 도착했습니다. 아침마다 이 Google 머그컵에 커피를 마시는 시간이 하루를 기분 좋게 시작하는 활력소가 되었습니다. 디자인, 품질, 기능성 모두 만족스러운 완벽한 머그컵이라고 생각합니다. 주변 사람들에게도 적극 추천하고 싶습니다!",Facebook,@FacebookUser_1131_877
132,1132,5001,2025-05-29 18:41:31,"Google 로고 티셔츠, 드디어 손에 넣었습니다! 평소 심플하면서도 세련된 디자인을 선호하는데, Google 로고 티셔츠는 딱 제 취향에 맞는 옷이었습니다. 재질도 너무 좋아서 입었을 때 촉감이 정말 부드럽고 편안합니다. 세탁 후에도 변형이 거의 없어서 오랫동안 예쁘게 입을 수 있을 것 같아요. 배송도 빨라서 기다리는 시간이 지루하지 않았습니다. 캐주얼하게 코디하기에도 좋고, 어떤 옷에도 잘 어울려서 활용도가 높습니다. 앞으로도 Google Merchandise Store에서 마음에 드는 상품이 있으면 주저 없이 구매할 것 같습니다. 정말 만족스러운 구매였습니다!",X,@XUser_1132_941
133,1133,5002,2025-04-21 4:18:55,"Google 스테인리스 물병을 구매하고 며칠 사용해 본 후기를 남깁니다. 우선 디자인이 정말 깔끔하고 세련되어서 마음에 쏙 듭니다. Google 특유의 심플한 로고가 은은하게 새겨져 있는 점도 좋습니다. 텀블러를 들고 다닐 때마다 괜히 뿌듯한 기분이 듭니다.보온/보냉 기능도 기대 이상입니다. 아침에 뜨거운 물을 넣어두면 저녁까지 따뜻하게 유지되고, 얼음을 넣어두면 오랫동안 시원함을 유지해 줍니다. 덕분에 요즘처럼 더운 날씨에 시원한 물을 항상 마실 수 있어서 너무 좋습니다.스테인리스 재질이라 위생적으로 사용할 수 있다는 점도 큰 장점입니다. 세척도 간편하고 냄새도 잘 배지 않아서 오랫동안 깨끗하게 사용할 수 있을 것 같습니다. 배송도 빠르고 꼼꼼하게 포장되어 와서 만족스러웠습니다. Google 스테인리스 물병, 정말 잘 산 것 같아요! 적극 추천합니다.",X,@XUser_1133_142
134,1134,5007,2025-02-22 3:39:15,"구글 머천다이즈 스토어에서 구매한 네스트 허브, 정말 만족스럽습니다! 깔끔한 디자인 덕분에 어느 인테리어에도 잘 어울리고, 방 안에 두니 훨씬 더 스마트해진 느낌이에요. 특히 음성 명령으로 조명이나 가전제품을 제어하는 기능이 정말 편리합니다. 아침에 일어나 ""헤이 구글, 불 켜줘"" 한 마디면 바로 환해지니 삶의 질이 향상되는 기분이에요.네스트 허브 화면으로 날씨나 뉴스도 쉽게 확인할 수 있고, 유튜브 뮤직으로 좋아하는 음악을 듣는 것도 간편합니다. 터치스크린 반응 속도도 빠르고, 화면 밝기 자동 조절 기능 덕분에 눈의 피로도 덜합니다. 배송도 꼼꼼하게 포장되어 빠르게 도착했고, 제품 품질도 매우 만족스럽습니다. 스마트한 삶을 위한 필수템으로 네스트 허브, 강력 추천합니다!",네이버카페,@Naver카페User_1134_843
135,1135,5009,2025-05-15 19:07:07,"Google Merchandise Store에서 구매한 Pixel 폰 케이스, 정말 만족스럽습니다! 며칠 사용해보니 왜 그렇게 많은 사람들이 추천하는지 알겠더군요. 우선 디자인이 너무 예쁩니다. Pixel 특유의 깔끔한 디자인을 더욱 돋보이게 해주는 색감과 마감 덕분에 폰을 들고 다닐 때마다 기분이 좋습니다.케이스 자체의 품질도 훌륭합니다. 튼튼한 소재로 만들어져서 혹시라도 폰을 떨어뜨릴까 걱정되는 마음이 훨씬 덜해졌습니다. 버튼 누르는 감도도 좋고, 그립감도 뛰어나서 사용하기 정말 편리합니다. 배송도 빨랐고, 포장도 꼼꼼하게 되어 있어서 받는 순간부터 기분이 좋았습니다. 고민하시는 분들께 강력 추천합니다!",Facebook,@FacebookUser_1135_920
136,1136,5004,2025-04-26 10:24:17,"Google 로고 티셔츠, 드디어 제 옷장에 합류했습니다! 평소 심플하면서도 개성 있는 디자인을 선호하는데, Google 로고 티셔츠는 딱 그런 제 취향을 제대로 저격했어요. 쨍한 색감의 로고가 흰색 티셔츠 위에 깔끔하게 박혀 있어 어떤 옷에도 무난하게 잘 어울립니다.무엇보다 마음에 드는 건 티셔츠의 품질이에요. 며칠 동안 입고 다녔는데, 땀 흡수도 잘 되고 세탁 후에도 변형이 거의 없어서 오래 입을 수 있을 것 같아요. 촉감도 부드러워서 하루 종일 입고 있어도 불편함이 전혀 없습니다. 배송도 빨라서 주문하고 바로 다음 날 받아볼 수 있었어요. Google Merchandise Store에서 앞으로 다른 상품들도 구매하게 될 것 같습니다. 좋은 품질의 Google 로고 티셔츠, 정말 만족합니다!",Facebook,@FacebookUser_1136_931
137,1137,5003,2025-01-19 12:00:36,"Pixel 폰 케이스를 구매하고 사용해 본 지 한 달 정도 되었습니다. 디자인이 깔끔하고 Pixel 폰에 딱 맞게 제작되어 일체감이 느껴지는 점은 매우 만족스럽습니다. 특히, 케이스를 장착한 상태에서도 버튼을 누르거나 충전 포트를 이용하는 데 불편함이 없어서 편리하게 사용하고 있습니다.다만, 케이스 재질 특성상 땀이나 유분에 다소 취약한 것 같습니다. 손에 땀이 많은 편인데, 케이스 표면에 지문이 잘 묻고 미끄러워지는 경향이 있어 아쉬움이 남습니다. 폰을 떨어뜨릴까 봐 조금 더 신경 써서 잡게 됩니다. 디자인과 그립감은 좋지만, 내구성과 오염 방지 측면에서는 조금 더 개선되었으면 좋겠습니다. 전반적으로 만족하지만, 이 점만 보완된다면 더욱 완벽한 Pixel 폰 케이스가 될 것 같습니다.",Threads,@ThreadsUser_1137_103
138,1138,5008,2025-01-04 20:38:03,"Google Merchandise Store에서 구매한 'Google 로고 티셔츠'에 대한 솔직한 후기입니다. 티셔츠 자체의 디자인은 깔끔하고 마음에 들었지만, 몇 가지 아쉬운 점이 있었습니다.우선, 티셔츠의 재질이 생각보다 얇았습니다. 몇 번 세탁하니 약간의 변형이 생기는 것 같아 내구성에 대한 우려가 듭니다. 좀 더 튼튼한 재질을 사용했더라면 오래도록 입을 수 있었을 텐데 아쉽습니다.또한, 배송 과정에서 약간의 문제가 있었습니다. 주문 후 배송까지 예상보다 오랜 시간이 걸렸고, 배송 추적도 원활하지 않아 불편했습니다. 다음에는 배송 시스템을 개선하여 고객 만족도를 높여주시면 좋겠습니다.'Google 로고 티셔츠'의 디자인은 좋지만, 재질과 배송 부분에서 개선이 이루어진다면 더욱 만족스러운 상품이 될 것 같습니다.",X,@XUser_1138_554
139,1139,5005,2025-05-03 15:24:43,"Google Merchandise Store에서 구매한 Google 머그컵에 대한 후기입니다. 디자인은 깔끔하고 Google의 아이덴티티를 잘 담아낸 점은 만족스럽습니다. 하지만 가격 대비 품질은 다소 아쉽습니다. 몇 번 사용하지 않았음에도 불구하고 머그컵 표면에 미세한 스크래치가 쉽게 생기는 것을 발견했습니다. 또한, 뜨거운 음료를 담았을 때 머그컵 자체가 너무 뜨거워져 손으로 잡기 힘들다는 점이 불편했습니다.Google이라는 브랜드 이미지를 고려했을 때, 내구성과 보온성에 좀 더 신경 써서 제작했으면 좋겠습니다. 개선된 Google 머그컵을 기대하며, 앞으로는 품질 관리에 더욱 힘써주시길 바랍니다. 배송은 비교적 빨랐으나, 포장재가 조금 부실하여 파손 위험이 있어 보였습니다.",Instagram,@InstagramUser_1139_945
140,1140,5001,2025-04-22 22:01:30,"Google 에코백을 구매하고 꽤 오랫동안 사용해 본 후 솔직한 후기를 남깁니다. 심플하면서도 눈에 띄는 Google 로고 디자인이 마음에 들어 평소에 자주 들고 다닙니다. 튼튼한 재질 덕분에 책이나 노트북 등 무거운 물건을 넣어도 끄떡없어서 정말 유용합니다. 특히 장 볼 때 비닐봉투 대신 사용하는 것이 환경 보호에 조금이나마 도움이 되는 것 같아 뿌듯합니다.다만, 아쉬운 점도 있습니다. 밝은 색상이라 그런지 때가 잘 타는 편이라 자주 세탁해야 한다는 점입니다. 또한, 내부 포켓이 하나라도 있었으면 소지품을 더욱 효율적으로 정리할 수 있었을 텐데 하는 아쉬움이 남습니다. 그래도 전체적으로 봤을 때 디자인, 내구성 모두 만족스러워서 앞으로도 꾸준히 사용할 것 같습니다. Google 에코백, 실용적인 데일리백으로 추천합니다.",Facebook,@FacebookUser_1140_373
141,1141,5002,2025-01-23 0:13:02,"최근에 구글 머천다이즈 스토어에서 크롬캐스트를 구매했는데, 정말 만족스럽습니다! 이전부터 눈여겨보던 제품이었는데, 드디어 제 손에 들어오니 기대 이상이었습니다.무엇보다 설치가 너무 간편해서 좋았습니다. 설명서를 보지 않아도 될 정도로 직관적인 연결 방식 덕분에 금세 TV와 연결할 수 있었습니다. 스마트폰으로 간단하게 연결하니 바로 화면 미러링이 가능해서 신기했습니다.화질도 정말 깨끗하고 끊김이 없어서 영화나 드라마를 볼 때 몰입도가 훨씬 높아졌습니다. 특히 유튜브나 넷플릭스 같은 OTT 서비스를 큰 화면으로 감상하니 마치 영화관에 온 듯한 느낌이었습니다. 크롬캐스트 덕분에 집에서 보내는 시간이 더욱 즐거워졌습니다.배송도 빨랐고, 포장 상태도 꼼꼼해서 제품에 대한 신뢰도가 더욱 높아졌습니다. 고민하시는 분이 있다면 주저하지 말고 구매하셔도 좋을 것 같습니다. 강력 추천합니다!",Threads,@ThreadsUser_1141_241
142,1142,5004,2025-03-20 18:49:54,"Google 로고 티셔츠 리뷰:평소에 Google을 좋아해서 Google Merchandise Store에서 Google 로고 티셔츠를 구매했습니다. 디자인은 역시 깔끔하고 마음에 듭니다. 특히 Google 로고가 과하지 않게 들어가 있어서 일상복으로 입기에 부담스럽지 않아요. 면 소재도 생각보다 괜찮아서 착용감도 나쁘지 않습니다.다만, 몇 번 세탁했더니 약간의 수축이 있는 것 같아요. 정 사이즈로 샀는데, 아주 약간 작아진 느낌입니다. 다음에는 한 사이즈 크게 사야 할까 고민되네요. 그리고 흰색이라 그런지 약간 비치는 감이 있어서 안에 이너를 꼭 챙겨 입어야 합니다. 전반적으로 만족하지만, 내구성과 비침 부분은 조금 아쉽습니다. 그래도 Google 관련 상품을 좋아하는 분이라면 한 번쯤 구매해 볼 만한 티셔츠라고 생각합니다.",Facebook,@FacebookUser_1142_708
143,1143,5009,2024-11-11 6:15:51,"Google 머그컵 구매 후 정말 만족하며 사용하고 있습니다. 깔끔하고 심플한 디자인이 제 마음에 쏙 들었고, 책상 위에 올려두니 인테리어 효과도 있는 것 같습니다. 머그컵 자체의 품질도 매우 뛰어납니다. 도자기 재질이 튼튼하고 마감이 깔끔해서 오랫동안 사용할 수 있을 것 같아요. 따뜻한 커피를 담아도 뜨거움이 잘 전달되지 않아 편안하게 잡을 수 있고, 세척도 용이해서 매일 사용하고 있습니다.무엇보다 Google 로고가 은은하게 새겨져 있어 사용할 때마다 Google 제품에 대한 자부심을 느끼게 해줍니다. 배송도 꼼꼼하게 포장되어 안전하게 도착했습니다. 머그컵 하나로 일상이 조금 더 즐거워진 것 같아 매우 만족스럽습니다. 고민하시는 분들께 강력 추천합니다!",네이버카페,@Naver카페User_1143_699
144,1144,5006,2025-04-26 20:03:25,"네스트 허브를 구매하고 사용한 지 2주 정도 되었는데, 정말 만족스럽습니다. 깔끔하고 모던한 디자인 덕분에 어느 인테리어에도 잘 어울리는 것 같아요. 특히, 음성 인식 기능이 뛰어나서 요리할 때 레시피를 보거나 음악을 듣는 것이 정말 편리합니다. ""헤이 구글"" 한 마디면 되니까 손에 물이 묻어도 문제없어요!뿐만 아니라, 구글 홈 앱과 연동하여 다른 스마트 기기들을 제어할 수 있다는 점도 큰 장점입니다. 퇴근길에 미리 보일러를 켜두거나, 잠들기 전에 조명을 끄는 등 생활이 훨씬 편리해졌습니다. 화면 터치 반응도 빠릿하고, 화질도 선명해서 정보 확인도 쉽습니다. 배송도 꼼꼼하게 포장되어 빠르게 도착했고, 사용 설명서도 친절하게 안내되어 있어 초기 설정에 어려움은 없었습니다. 네스트 허브 덕분에 스마트한 삶을 경험하고 있어 강력 추천합니다!",Instagram,@InstagramUser_1144_838
145,1145,5003,2024-11-01 9:53:57,"Google 머그컵 사용 후기: 기대에 미치지 못했던 아쉬움Google Merchandise Store에서 구매한 Google 머그컵에 대한 솔직한 후기입니다. 깔끔한 디자인에 이끌려 구매했지만, 사용하면서 몇 가지 아쉬운 점이 있었습니다.우선 머그컵의 재질이 생각보다 평범하게 느껴졌습니다. 가격을 고려했을 때 조금 더 고급스러운 재질이었으면 좋았을 텐데, 일반적인 머그컵과 큰 차이를 느끼지 못했습니다. 또한, 컵 표면에 작은 흠집이 몇 군데 발견되어 품질 검수에 조금 더 신경 써주셨으면 하는 바람입니다.배송 과정에서도 약간의 불편함이 있었습니다. 주문 후 배송까지 시간이 꽤 걸렸고, 배송 상태 확인도 원활하지 않아 조금 불안했습니다. 물론 제품 자체의 기능에는 문제가 없지만, 전반적인 구매 경험을 고려했을 때 아쉬움이 남습니다.Google이라는 브랜드 이미지에 걸맞는 품질과 서비스를 기대했던 만큼, 위에서 언급한 부분들이 개선된다면 더욱 만족스러운 제품이 될 것이라고 생각합니다.",Twitter,@TwitterUser_1145_991
146,1146,5003,2025-02-16 8:17:25,"며칠 전 Google Merchandise Store에서 구매한 Google 후드티를 받았습니다. 디자인 자체는 깔끔하고 마음에 들었지만, 솔직히 기대에 미치지 못하는 부분이 있었습니다.우선, 원단의 품질이 생각보다 좋지 않았습니다. 몇 번 세탁했더니 벌써부터 보풀이 일기 시작했고, 처음 받았을 때보다 색이 약간 바랜 듯한 느낌도 듭니다. Google이라는 브랜드 이미지를 생각했을 때, 좀 더 고급스러운 소재를 사용했으면 어땠을까 하는 아쉬움이 남습니다.또한, 배송 과정도 매끄럽지 못했습니다. 주문 후 배송까지 꽤 오랜 시간이 걸렸고, 배송 추적 정보도 정확하게 업데이트되지 않아 불편했습니다. Google 후드티의 가격을 고려했을 때, 배송 서비스 개선이 필요하다고 생각합니다. 제품 자체는 괜찮지만, 품질과 배송 면에서 조금 더 신경 써주시면 더욱 만족스러운 구매 경험을 제공할 수 있을 것 같습니다.",X,@XUser_1146_308
147,1147,5001,2025-06-16 20:38:11,"Google 에코백, 드디어 제 손에 들어왔습니다! 평소에 심플하면서도 실용적인 가방을 선호하는데, Google 에코백은 딱 제 취향을 저격했어요. 튼튼한 재질 덕분에 책이나 노트북을 넣어도 안심이 되고, 어깨에 메었을 때 착용감도 편안합니다.특히 마음에 드는 건 깔끔한 디자인이에요. 과하지 않은 Google 로고가 은은하게 포인트를 줘서 어떤 옷차림에도 잘 어울립니다. 덕분에 매일 들고 다니는 데일리백이 되었어요. 생각보다 수납 공간도 넉넉해서 물건을 많이 넣어도 넉넉하고, 물건을 찾기도 편리합니다. 꼼꼼한 바느질 마감과 튼튼한 손잡이 덕분에 오래 사용할 수 있을 것 같아요. 배송도 빨라서 더욱 만족스러웠습니다. Google 에코백, 정말 잘 산 것 같아요!",Facebook,@FacebookUser_1147_893
148,1148,5002,2025-02-21 0:29:36,"Google 로고 티셔츠, 기대에 못 미치는 아쉬움Google Merchandise Store에서 구매한 Google 로고 티셔츠에 대한 솔직한 후기입니다. 평소 Google 제품에 대한 호감으로 티셔츠를 구매했는데, 기대만큼 만족스럽지는 않았습니다.가장 아쉬운 점은 티셔츠의 재질입니다. 면 100%라고 되어있지만, 얇고 거친 느낌이 들어 피부에 닿는 촉감이 썩 좋지 않습니다. 몇 번 세탁하니 목 부분이 늘어나 보기 흉해졌습니다. Google이라는 브랜드 이미지를 생각하면 품질 관리에 조금 더 신경 써주셨으면 좋겠습니다.또한, 배송도 예상보다 오래 걸렸습니다. 주문 후 일주일이 넘어서야 도착했는데, 배송 지연에 대한 안내도 없어 불편함을 느꼈습니다.Google 로고 티셔츠 디자인 자체는 마음에 들지만, 전반적인 품질과 고객 서비스 개선이 필요하다고 생각합니다. 다음 구매 시에는 이러한 점들이 개선되기를 기대합니다.",X,@XUser_1148_980
149,1149,5003,2024-12-12 23:29:16,"평소 심플한 디자인을 선호하는데, Google 백팩은 보자마자 마음에 쏙 들었습니다. 깔끔한 디자인에 Google 로고가 은은하게 새겨져 있어 너무 튀지 않으면서도 세련된 느낌을 줍니다. 수납 공간도 넉넉해서 노트북, 책, 개인 소지품 등을 효율적으로 정리할 수 있어 매우 편리합니다. 특히 어깨끈이 편안하게 디자인되어 장시간 착용해도 어깨에 부담이 덜한 점이 좋았습니다. 재질도 튼튼해서 오래 사용할 수 있을 것 같고, 마감 처리 또한 꼼꼼하게 되어 있어 품질에 대한 신뢰가 갑니다. 배송도 빨랐고, 포장도 꼼꼼하게 되어 있어서 기분 좋게 상품을 받았습니다. 전반적으로 가격 대비 훌륭한 제품이라고 생각하며, 주변 사람들에게도 적극 추천하고 싶습니다. Google 백팩 덕분에 매일 출근길이 더욱 즐거워졌습니다.",블로그,@BlogUser_1149_498
150,1150,5001,2025-05-04 16:43:48,"Google Merchandise Store에서 구매한 네스트 허브에 대한 리뷰입니다. 평소 Google 제품에 대한 신뢰도가 높아 네스트 허브를 구매했지만, 기대에 미치지 못하는 부분이 있어 아쉬움을 느꼈습니다.가장 불편했던 점은 Wi-Fi 연결이 불안정하다는 것입니다. 인터넷 회선에는 문제가 없는데도 불구하고 네스트 허브가 종종 연결이 끊어지거나, 응답 속도가 현저히 느려지는 현상이 발생했습니다. 특히 아침 시간에 날씨 정보를 확인하거나, 음악을 재생할 때 이러한 문제가 자주 발생하여 사용에 불편함을 겪었습니다.또한, 화면 밝기 자동 조절 기능이 제대로 작동하지 않는 경우가 있었습니다. 주변 밝기에 따라 화면 밝기가 자동으로 조절되어야 하는데, 때로는 너무 밝거나 어두워서 수동으로 조절해야 하는 번거로움이 있었습니다.전반적으로 네스트 허브의 기능 자체는 만족스럽지만, 안정적인 성능을 위해서는 소프트웨어 업데이트 등을 통해 Wi-Fi 연결 문제와 화면 밝기 조절 기능 개선이 필요하다고 생각합니다. Google 제품에 대한 기대가 큰 만큼, 이러한 문제점들이 개선되어 더욱 편리한 사용자 경험을 제공해 주기를 바랍니다.",블로그,@BlogUser_1150_633
151,1151,5002,2025-02-10 13:14:41,"Google Merchandise Store에서 구매한 Google 후드티에 대한 솔직한 후기입니다. 디자인 자체는 깔끔하고 마음에 들었지만, 기대했던 것만큼 품질이 좋지는 않았습니다.가장 아쉬웠던 점은 소재였습니다. 몇 번 세탁하니 후드티의 색이 약간 바래는 느낌이 들었고, 섬유가 쉽게 뭉치는 현상이 발생했습니다. 가격대를 고려했을 때 내구성이 조금 더 좋았으면 하는 바람입니다. 또한, 배송 과정에서 약간의 문제가 있었습니다. 주문 후 배송까지 시간이 예상보다 오래 걸렸고, 배송 추적 정보 업데이트도 늦어 불편함을 느꼈습니다.Google이라는 브랜드 이미지를 생각하면 품질 관리와 배송 서비스 개선이 필요하다고 생각합니다. Google 후드티의 디자인은 좋았지만, 오래 입기에는 다소 아쉬운 점이 있어 개선되었으면 좋겠습니다.",네이버카페,@Naver카페User_1151_948
152,1152,5004,2025-03-22 7:30:00,"Google 로고 티셔츠 정말 만족스러워요! 평소에 심플한 디자인을 좋아하는데, 깔끔한 Google 로고가 포인트가 되어 부담스럽지 않으면서도 세련된 느낌을 줍니다. 특히 티셔츠 재질이 너무 좋아서 놀랐어요. 부드러운 촉감은 물론이고, 땀 흡수도 잘 돼서 여름에도 쾌적하게 입을 수 있을 것 같아요. 배송도 빨라서 주문하고 며칠 안 돼서 받았고, 포장도 꼼꼼하게 되어 있어서 기분 좋게 언박싱했습니다. 사이즈도 정 사이즈로 나와서 평소 입던 대로 주문했더니 딱 맞네요. 캐주얼하게 청바지나 면바지에도 잘 어울리고, 포멀한 자켓 안에 입어도 튀지 않아서 활용도가 높아요. 앞으로도 자주 애용할 것 같습니다!",Twitter,@TwitterUser_1152_936
153,1153,5003,2024-11-09 17:01:56,"Google Merchandise Store에서 구매한 Google 로고 티셔츠에 대한 리뷰입니다. 기대했던 만큼의 만족감을 얻지는 못했습니다.우선 티셔츠의 재질이 생각보다 얇고 부드럽지 못했습니다. 몇 번 세탁하니 목 부분이 약간 늘어지는 것 같아 아쉽습니다. Google 로고가 선명하게 인쇄된 점은 좋았지만, 전체적인 품질이 가격대에 비해 떨어진다고 생각합니다.배송도 늦어져서 필요한 날짜에 맞춰 입지 못했습니다. 물론 택배사의 사정일 수도 있지만, 미리 안내를 받았더라면 좋았을 것입니다.Google이라는 브랜드 가치를 생각했을 때, Google 로고 티셔츠의 품질 개선과 더불어 배송 서비스에 대한 개선이 필요하다고 생각합니다. 앞으로는 좀 더 꼼꼼하게 확인하고 구매해야겠습니다.",Facebook,@FacebookUser_1153_300
154,1154,5003,2024-11-21 18:41:52,"Google 에코백, 드디어 제 손에 들어왔네요! 평소에 깔끔한 디자인을 선호하는데, Google 로고가 심플하게 박혀 있는 디자인이 너무 마음에 들어요. 캔버스 재질도 튼튼하고 마감도 꼼꼼해서 오래 사용할 수 있을 것 같아요.무엇보다 수납 공간이 넉넉해서 책이나 노트북, 개인 소지품까지 충분히 들어가는 점이 가장 만족스럽습니다. 어깨에 멨을 때 착용감도 편안하고, 가방 자체가 가벼워서 부담 없이 들고 다닐 수 있어요. 평소에 물건을 많이 들고 다니는 저에게는 정말 유용한 아이템입니다.배송도 빨랐고, 포장도 깔끔하게 되어 있어서 기분 좋게 받았습니다. Google 에코백, 디자인, 기능, 품질 모두 만족스러워서 앞으로 자주 애용할 것 같아요! 주변 사람들에게도 적극 추천하고 싶습니다.",Threads,@ThreadsUser_1154_945
155,1155,5004,2025-05-13 0:50:54,"Google 후드티 구매 후 아쉬웠던 점최근 Google Merchandise Store에서 Google 후드티를 구매했습니다. Google의 팬으로서 기대가 컸지만, 솔직히 아쉬운 점이 많았습니다.우선, 배송이 예정보다 늦어져 불편했습니다. 주문 후 2주가 넘어서야 제품을 받을 수 있었는데, 배송 지연에 대한 안내도 부족했습니다.가장 실망스러웠던 점은 품질입니다. 후드티의 재질이 생각보다 얇고, 몇 번 세탁하니 쉽게 보풀이 일어났습니다. Google 로고 프린팅 역시 내구성이 약해 보여 오래 입기 힘들 것 같습니다.디자인 자체는 마음에 들지만, 가격 대비 품질이 떨어진다고 생각합니다. Google이라는 브랜드 가치를 고려하더라도, 소재와 마감에 좀 더 신경 써주셨으면 좋겠습니다.다음에는 품질 개선을 통해 더 만족스러운 Google 후드티를 만나볼 수 있기를 기대합니다.",Facebook,@FacebookUser_1155_665
156,1156,5007,2025-05-16 18:22:41," Google 에코백 후기: 디자인, 품질 모두 만족!평소 심플한 디자인을 선호하는데, Google 에코백은 딱 제가 찾던 스타일이라 망설임 없이 구매했습니다. 화면으로 보던 것보다 실물이 훨씬 예쁘고, Google 로고가 은은하게 들어가 있어 더욱 마음에 들어요.천 재질도 튼튼해서 책이나 노트북을 넣어도 쳐짐 없이 안정적입니다. 내부 공간도 넉넉해서 여러 물건을 수납하기 용이하고, 어깨에 멨을 때 착용감도 편안하네요. 꼼꼼한 박음질 마감 처리 덕분에 오랫동안 튼튼하게 사용할 수 있을 것 같습니다.배송도 빨라서 좋았고, 포장 상태도 깔끔했습니다. Google 에코백은 디자인, 품질, 실용성까지 모두 갖춘 완벽한 아이템이라고 생각합니다. 주변 사람들에게도 적극 추천하고 싶네요!",YouTube,@YouTubeUser_1156_246
157,1157,5002,2025-05-24 21:41:59,"Google Merchandise Store Google 후드티 리뷰Google Merchandise Store에서 구매한 Google 후드티, 정말 만족스럽습니다! 평소 심플하면서도 개성 있는 디자인을 선호하는데, Google의 로고가 과하지 않게 들어가 있어서 마음에 쏙 들었습니다. 재질도 탄탄하고 부드러워서 착용감이 정말 좋습니다. 쌀쌀한 날씨에 가볍게 걸치기 좋고, 활동하기에도 편안합니다. 세탁 후에도 변형이 거의 없어 오랫동안 잘 입을 수 있을 것 같습니다. 배송도 빨랐고, 포장 상태도 깔끔해서 선물 받는 기분이었습니다. Google 후드티 덕분에 더욱 Google 제품을 애용하게 될 것 같네요. 적극 추천합니다!",YouTube,@YouTubeUser_1157_458
158,1158,5004,2024-11-18 15:45:53,Pixel 폰 케이스를 구매하고 정말 만족스럽게 사용하고 있습니다. 무엇보다 디자인이 너무 예뻐서 Pixel폰의 매력을 한층 더 살려주는 것 같아요. 심플하면서도 세련된 느낌이 마음에 쏙 듭니다.케이스 자체의 품질도 매우 훌륭합니다. 튼튼한 내구성 덕분에 폰을 안전하게 보호해 줄 것 같다는 믿음이 갑니다. 미끄럼 방지 기능도 있어서 손에서 쉽게 놓치지 않아 안심이 되고요. 버튼 누르는 부분도 섬세하게 디자인되어 있어서 사용하기 편리합니다.배송도 빨랐고 포장도 꼼꼼하게 되어 있어서 받는 순간부터 기분이 좋았습니다. 고민하시는 분들께 강력 추천하고 싶습니다. Pixel 폰 케이스 덕분에 제 Pixel폰이 더욱 특별해진 느낌입니다.,YouTube,@YouTubeUser_1158_166
159,1159,5007,2025-06-10 5:03:48,"Google 머그컵 사용 후기입니다. 평소 심플하면서도 개성 있는 디자인을 선호하는 저에게 Google 머그컵은 완벽한 선택이었습니다. 군더더기 없이 깔끔한 디자인이 어느 공간에나 잘 어울려 인테리어 소품으로도 손색이 없습니다.무엇보다 마음에 들었던 점은 뛰어난 품질입니다. 튼튼한 재질 덕분에 매일 사용해도 안심이 되고, 뜨거운 음료를 담아도 컵이 뜨거워지지 않아 잡기 편안합니다. 세척도 간편하여 매일 부담 없이 사용할 수 있습니다.배송 또한 매우 빨랐고, 꼼꼼한 포장 덕분에 안전하게 받아볼 수 있었습니다. Google 머그컵 덕분에 매일 아침, 커피를 더욱 맛있게 즐길 수 있게 되었습니다. 만족스러운 구매였고, 주변 사람들에게도 적극 추천하고 싶습니다.",Twitter,@TwitterUser_1159_203
160,1160,5009,2024-11-03 7:56:47,"며칠 전 Google Merchandise Store에서 구매한 Google 후드티를 받아보고 실망감을 감출 수 없었습니다. 평소 Google 제품에 대한 신뢰도가 높았기에 기대가 컸던 탓일까요.가장 아쉬웠던 점은 원단의 품질입니다. 생각보다 얇고 부드러운 느낌이 부족했습니다. 몇 번 세탁하면 쉽게 보풀이 일어날 것 같아 걱정됩니다. 또한, 후드티의 마감 처리도 꼼꼼하지 못했습니다. 실밥이 튀어나온 부분들이 눈에 띄어 가격 대비 만족도가 떨어집니다.배송 역시 예상보다 늦어져 아쉬웠습니다. 주문 후 10일이 지나서야 제품을 받아볼 수 있었는데, 배송 지연에 대한 사전 안내가 없었던 점도 불만이었습니다. Google 후드티의 디자인은 마음에 들지만, 전반적인 품질 개선과 배송 서비스 개선이 필요하다고 생각합니다.",네이버카페,@Naver카페User_1160_616
161,1161,5004,2025-05-09 19:15:37,"Pixel 폰 케이스를 드디어 받아 사용해 봤습니다. 디자인이 깔끔하고 Pixel 폰과 완벽하게 어울려서 너무 만족스럽습니다. 특히 케이스의 촉감이 부드러워서 그립감이 정말 좋고, 미끄럼 방지 기능도 있어서 안심하고 사용할 수 있습니다.무엇보다 Pixel 폰 케이스는 폰을 안전하게 보호해 주는 느낌이 강하게 듭니다. 얇고 가벼우면서도 튼튼해서 떨어뜨려도 걱정 없을 것 같습니다. 버튼 부분도 섬세하게 디자인되어 있어서 누르기도 편하고, 전체적으로 마감도 훌륭합니다. 배송도 빨라서 기다리는 동안 불편함 없이 바로 사용할 수 있었습니다. Pixel 폰을 사용하시는 분들께 적극 추천하고 싶습니다!",YouTube,@YouTubeUser_1161_235
162,1162,5006,2025-02-24 17:50:37,"Google 후드티 정말 만족스럽습니다! 평소에 편하게 입을 후드티를 찾고 있었는데, 디자인이 깔끔하고 예뻐서 바로 구매했습니다. 받아보니 재질도 너무 부드럽고 톡톡해서 놀랐어요. 기대했던 것보다 훨씬 품질이 좋아서 매일 손이 갑니다. 핏도 넉넉해서 활동하기 편하고, 안에 티셔츠를 레이어드해서 입어도 불편함이 없어요. 무엇보다 세탁 후에도 변형이 거의 없어서 오랫동안 잘 입을 수 있을 것 같습니다. 배송도 빨랐고 포장도 깔끔하게 와서 기분이 좋았습니다. 앞으로도 Google Merchandise Store에서 믿고 구매할 수 있을 것 같아요. 적극 추천합니다!",Facebook,@FacebookUser_1162_405
163,1163,5004,2025-06-10 22:42:51,"Google 백팩 고객 리뷰평소 깔끔한 디자인을 선호하는 편인데, Google Merchandise Store에서 판매하는 Google 백팩이 딱 제 취향에 맞아 구매하게 되었습니다. 받아보니 사진으로 보는 것보다 훨씬 고급스럽고 마감도 꼼꼼해서 매우 만족스럽습니다.특히 수납공간이 넉넉하면서도 효율적으로 분리되어 있어 노트북, 책, 개인 소지품 등을 깔끔하게 정리할 수 있다는 점이 가장 마음에 듭니다. 어깨끈도 폭신하고 인체공학적으로 설계되어 장시간 착용해도 어깨에 부담이 덜합니다.가벼운 무게 덕분에 매일 들고 다니기에도 부담 없고, 캐주얼한 복장이나 정장 스타일에도 잘 어울려서 활용도가 높습니다. Google 백팩, 정말 잘 샀다는 생각이 듭니다. 적극 추천합니다!",블로그,@BlogUser_1163_718
164,1164,5008,2025-06-13 4:37:33,"Google 스테인리스 물병을 구매하여 몇 주 동안 사용해 본 후 리뷰를 남깁니다. 깔끔한 디자인과 Google 로고가 마음에 들어서 구매를 결정했는데, 실제로 받아보니 디자인은 사진과 똑같이 예뻤습니다. 스테인리스 재질이라 위생적이고, 세척도 간편해서 매일 사용하기에 편리합니다. 보온/보냉 효과도 기대 이상으로 좋아서, 아침에 넣어둔 얼음이 저녁까지 남아있는 경우가 많았습니다.다만, 한 가지 아쉬운 점은 표면에 스크래치가 쉽게 생긴다는 것입니다. 조심스럽게 사용한다고 노력했지만, 가방에 넣고 다니거나 책상 위에 놓을 때 мишмально 스크래치가 발생하는 것을 막을 수는 없었습니다. 이 부분만 개선된다면 더욱 완벽한 Google 스테인리스 물병이 될 것 같습니다. 전반적으로는 만족하며 사용하고 있습니다.",Facebook,@FacebookUser_1164_472
165,1165,5002,2024-11-15 3:41:36,"Google 로고 티셔츠 구매 후기평소 Google을 좋아해서 Google Merchandise Store에서 Google 로고 티셔츠를 구매했습니다. 디자인은 역시 깔끔하고 예뻐서 마음에 들어요. 면 재질도 생각보다 괜찮아서 착용감도 나쁘지 않습니다. 특히 Google 로고가 심플하게 박혀 있어서 어느 옷에나 잘 어울리는 것 같아요. 캐주얼하게 코디하기 좋습니다.다만, 아쉬운 점은 가격 대비 재질이 아주 고급스럽지는 않다는 것입니다. 몇 번 세탁하니 약간의 변형이 있는 것 같기도 하고요. 그리고 사이즈가 조금 크게 나온 것 같으니, 구매하실 분들은 사이즈표를 꼼꼼하게 확인하시는 게 좋겠습니다. 전체적으로 디자인은 만족스럽지만, 가격을 고려하면 아주 완벽한 퀄리티는 아니라는 점 참고해주세요. 그래도 Google을 좋아하는 분이라면 하나쯤 소장할 만한 가치는 있다고 생각합니다.",Twitter,@TwitterUser_1165_812
166,1166,5008,2025-04-20 8:09:24,"Google 에코백, 드디어 제 손에 들어왔네요! 평소 심플하면서도 세련된 디자인을 선호하는데, Google 로고가 과하지 않게 딱 박혀 있어서 너무 마음에 들어요. 튼튼한 재질 덕분에 책이나 노트북을 넣어도 안심이 됩니다. 어깨에 메었을 때 착용감도 편안하고, 무엇보다 가벼워서 매일 들고 다니기 좋아요. 생각보다 수납 공간도 넉넉해서 이것저것 많이 들어가네요. 배송도 빨랐고 포장도 깔끔해서 기분 좋게 받았습니다. Google 에코백, 정말 후회 없는 선택이었어요!",Twitter,@TwitterUser_1166_460
167,1167,5005,2025-01-06 15:48:54," Google 머그컵, 매일 아침을 특별하게 만들어 줘요!평소 Google 제품에 대한 신뢰도가 높은 편인데, Google 머그컵을 직접 사용해보니 기대 이상으로 만족스럽습니다. 심플하면서도 세련된 디자인이 제 마음에 쏙 들었고요. 특히, 손에 쥐었을 때 느껴지는 안정적인 그립감이 정말 좋습니다.출근 전 따뜻한 커피를 마실 때, Google 머그컵 덕분에 하루를 기분 좋게 시작할 수 있게 되었어요. 머그컵의 두께가 적당해서 음료의 온도를 오랫동안 유지해 주는 점도 마음에 듭니다. 세척 또한 용이해서 매일 사용하기에 부담이 없네요.배송도 꼼꼼하게 포장되어 파손 없이 안전하게 도착했습니다. Google 머그컵은 디자인, 기능, 품질 모두 훌륭한 제품이라고 생각합니다. 주변 사람들에게도 적극 추천하고 싶어요!",YouTube,@YouTubeUser_1167_517
168,1168,5010,2025-01-17 5:52:32," Google 머그컵 사용 후기평소 Google을 애용하는 사람으로서 Google 머그컵을 구매하게 되었습니다. 머그컵을 받아보고 가장 먼저 든 생각은 '심플하면서도 세련된 디자인이 정말 마음에 든다'였습니다. 군더더기 없이 깔끔한 디자인 덕분에 어느 곳에 두어도 잘 어울립니다.실제로 사용해보니 그립감도 좋고, 넉넉한 용량 덕분에 따뜻한 차나 커피를 즐기기에 안성맞춤입니다. 뜨거운 음료를 담아도 컵이 뜨거워지지 않아 편하게 사용할 수 있다는 점도 좋았습니다. 튼튼한 재질 덕분에 오랫동안 사용할 수 있을 것 같다는 믿음이 갑니다.배송 또한 매우 빨랐고, 꼼꼼하게 포장되어 손상 없이 안전하게 도착했습니다. Google 머그컵은 디자인, 기능, 품질 모든 면에서 만족스러운 제품입니다. 주변 사람들에게도 적극 추천하고 싶습니다. 앞으로도 애용할 것 같습니다.",Threads,@ThreadsUser_1168_575
169,1169,5002,2025-05-26 3:18:04,"구글 머천다이즈 스토어에서 구매한 네스트 허브, 정말 만족스럽습니다! 평소 스마트홈 기기에 관심이 많았는데, 네스트 허브는 디자인부터가 너무 예뻐서 거실 인테리어에 자연스럽게 어울립니다. 날씨나 뉴스, 캘린더 정보 등을 한눈에 확인할 수 있어 아침에 시간을 절약할 수 있다는 점이 특히 좋았습니다.음성 명령으로 조명이나 가전제품을 제어하는 기능도 매우 편리하고, 구글 포토 연동으로 가족사진을 슬라이드 쇼처럼 감상할 수 있는 점도 마음에 듭니다. 배송도 꼼꼼하게 포장되어 빠르게 도착했고, 사용법도 간단해서 설명서를 보지 않고도 쉽게 설정할 수 있었습니다. 네스트 허브 덕분에 집안이 더욱 스마트하고 편리해진 것 같아 아주 만족스럽습니다. 앞으로 다른 스마트홈 기기도 구글 제품으로 구매할 의향이 있습니다.",Instagram,@InstagramUser_1169_458
170,1170,5003,2024-12-08 10:50:19,"네스트 허브 사용 후기: 아쉬움과 개선을 기대하며구글 네스트 허브를 구매하여 사용한 지 한 달 정도 되었습니다. 기대가 컸던 만큼 아쉬운 점도 분명히 존재합니다. 우선 음성 인식률이 생각보다 높지 않아, 여러 번 반복해서 말해야 명령을 수행하는 경우가 종종 있습니다. 특히 주변 소음이 있는 환경에서는 더욱 불편하게 느껴집니다.또한, 화면 터치 반응 속도가 약간 느린 편이라 답답할 때가 있습니다. 빠른 정보 확인이나 제어를 원할 때는 아쉬움이 남습니다. 배송은 비교적 빨랐지만, 제품 포장이 조금 허술하게 느껴졌습니다.전반적으로 네스트 허브의 기능 자체는 유용하지만, 음성 인식률과 터치 반응 속도 개선이 필요하다고 생각합니다. 이러한 부분이 개선된다면 더욱 만족스러운 제품이 될 수 있을 것 같습니다.",Instagram,@InstagramUser_1170_593
171,1171,5003,2025-06-27 21:13:37,"Google Merchandise Store에서 구매한 Pixel 폰 케이스, 정말 만족스럽습니다! 폰을 완벽하게 보호해 주는 튼튼함은 기본이고, Pixel의 디자인을 더욱 돋보이게 하는 세련된 디자인이 마음에 쏙 들었습니다. 특히 케이스를 장착하고도 그립감이 너무 좋아서 폰을 사용하는 내내 안정감을 느낄 수 있었어요. 버튼 클릭감도 부드럽고, 케이블 연결 부분도 깔끔하게 마감되어 있어 전체적으로 품질이 매우 높다는 인상을 받았습니다. 배송도 빨랐고 포장 상태도 꼼꼼해서 더욱 만족스러웠습니다. Pixel 폰을 사용하신다면 이 Pixel 폰 케이스는 정말 후회 없는 선택이 될 거라고 생각합니다.",네이버카페,@Naver카페User_1171_120
172,1172,5010,2025-01-23 8:31:18,"네스트 허브를 구매하고 2주 정도 사용해 본 후기를 남깁니다. 확실히 구글 홈 서비스와 연동이 잘 되어 음성 명령으로 집안의 조명이나 난방을 제어하는 것이 매우 편리합니다. 특히 요리할 때 레시피를 보거나 음악을 듣는 용도로 유용하게 사용하고 있습니다. 화면 밝기나 화질도 준수해서 만족스럽습니다.다만, 기대했던 것만큼 다양한 앱을 지원하지 않는 점은 아쉽습니다. 특히 제가 자주 사용하는 OTT 서비스 앱이 없어 스마트폰 미러링을 해야 하는 번거로움이 있습니다. 그리고 음성 인식률이 완벽하지 않아 가끔 엉뚱한 명령을 수행할 때도 있습니다. 전반적으로 만족하지만, 소프트웨어적인 부분에서 개선이 이루어진다면 더욱 완벽한 스마트 디스플레이가 될 것 같습니다.",YouTube,@YouTubeUser_1172_159
173,1173,5009,2025-01-26 16:56:44,"Google Merchandise Store에서 구매한 Google 스마트 스피커, 정말 만족스럽습니다! 평소 인테리어에 관심이 많은데, 깔끔하고 모던한 디자인 덕분에 어느 공간에 두어도 잘 어울립니다. 특히 마음에 드는 점은 음성 인식 기능입니다. 요리 중이거나 손을 자유롭게 쓸 수 없을 때 ""OK Google"" 한 마디면 음악 재생, 뉴스 검색, 알람 설정까지 척척 해내니 정말 편리합니다. 음질 또한 훌륭해서 풍부하고 깨끗한 사운드로 음악 감상을 즐길 수 있습니다. 배송도 꼼꼼하게 포장되어 빠르게 도착했고, 사용법도 간단해서 설명서를 읽지 않고도 쉽게 사용할 수 있었습니다. 전반적으로 Google 스마트 스피커는 디자인, 기능, 품질 모든 면에서 뛰어난 제품이라고 생각합니다. 스마트한 삶을 위한 최고의 선택이었습니다.",Twitter,@TwitterUser_1173_595
174,1174,5003,2025-04-09 0:46:25," 구글 크롬캐스트 사용 후기: 삶의 질을 높여주는 스마트한 기기!이번에 구글 머천다이즈 스토어에서 크롬캐스트를 구매하고 정말 만족스럽게 사용하고 있습니다. 배송도 빨랐고, 포장도 꼼꼼하게 되어 있어서 제품을 받아볼 때부터 기분이 좋았습니다.무엇보다 가장 마음에 드는 점은 사용 편의성입니다. 복잡한 설정 없이 스마트폰이나 태블릿에서 간단하게 연결하여 영상을 큰 화면으로 즐길 수 있다는 점이 정말 편리합니다. 예전에는 작은 화면으로 보던 영화나 드라마를 이제는 TV의 큰 화면으로 보니 몰입감이 훨씬 높아졌습니다. 특히 저는 유튜브를 자주 보는 편인데, 크롬캐스트를 사용하니 유튜브 감상이 훨씬 즐거워졌습니다.디자인도 깔끔하고 모던해서 TV 주변 인테리어와도 잘 어울립니다. 크롬캐스트 덕분에 집에서 보내는 시간이 더욱 풍요로워졌습니다. 스마트한 홈 라이프를 위한 필수템이라고 생각합니다! 적극 추천합니다.",Instagram,@InstagramUser_1174_407
175,1175,5002,2025-01-05 8:00:33,"Google 스테인리스 물병 사용 후기평소 구글 굿즈에 관심이 많아 Google 스테인리스 물병을 구매했습니다. 깔끔한 디자인과 튼튼한 스테인리스 재질은 매우 만족스럽습니다. 보온/보냉 기능도 훌륭해서, 아침에 넣어둔 얼음물이 퇴근할 때까지 시원하게 유지되는 점이 특히 좋았습니다. 사무실이나 운동할 때 들고 다니기에도 적당한 크기입니다.다만, 뚜껑 부분이 완벽하게 밀폐되는 느낌은 아니어서 가방에 넣고 다닐 때 약간 불안한 감이 있습니다. 완전히 뒤집히면 새는 건 아니지만, 흔들림이 심할 경우 약간의 물방울이 맺히는 정도입니다. 또한, 가격이 조금 비싸다는 느낌도 지울 수 없네요. 좀 더 합리적인 가격이었다면 더 많은 사람들이 부담 없이 구매할 수 있을 것 같습니다. 전반적으로는 만족스럽지만, 뚜껑 밀폐력과 가격적인 부분은 개선되면 좋겠습니다.",X,@XUser_1175_310
176,1176,5005,2025-04-08 15:14:46,"며칠 전 Google Merchandise Store에서 구매한 Google 백팩을 드디어 사용해 봤습니다. 깔끔한 디자인에 한눈에 반했는데, 실제로 받아보니 훨씬 더 만족스럽습니다.무엇보다 수납공간이 정말 넉넉해서 마음에 듭니다. 노트북, 책, 태블릿, 개인 소지품까지 모두 깔끔하게 정리되어 들어가는 점이 좋았습니다. 가방 자체도 가벼워서 어깨에 부담이 덜하고, 장시간 착용해도 편안했습니다. 꼼꼼한 박음질이나 부드러운 지퍼 등 마감 처리도 훌륭했습니다.Google 백팩 덕분에 짐이 많을 때도 훨씬 효율적으로 움직일 수 있게 되었습니다. 디자인, 기능, 품질 모두 만족스러운 제품이라 주변 사람들에게도 적극 추천하고 싶습니다. 배송 또한 빨라서 기다리는 시간이 짧았던 점도 좋았습니다. 앞으로도 자주 이용할 것 같습니다.",블로그,@BlogUser_1176_942
177,1177,5003,2025-02-14 8:03:23," Pixel 폰 케이스 사용 후기Google Merchandise Store에서 구매한 Pixel 폰 케이스를 한 달 정도 사용해 보았습니다. Pixel 스마트폰에 딱 맞게 제작되어 일체감이 뛰어나고, 그립감도 향상되어 만족스럽습니다. 특히 카메라 렌즈 보호 디자인이 마음에 들고, 케이스 자체의 마감도도 훌륭하다고 생각합니다.다만 아쉬운 점은 케이스 색상이 다양하지 않다는 것입니다. 좀 더 개성 있는 색상 옵션이 추가되었으면 좋겠습니다. 또한, 가격대가 다소 높은 편이라 부담스러울 수 있다는 점도 고려해야 할 것 같습니다. 전반적으로 봤을 때 디자인과 기능 면에서는 만족스럽지만, 가격과 색상 선택의 폭에 대한 아쉬움이 남는 Pixel 폰 케이스입니다.",X,@XUser_1177_662
178,1178,5007,2025-05-15 9:44:51,"Google Merchandise Store에서 구매한 Google 스테인리스 물병 사용 후기입니다. 깔끔한 디자인과 Google 로고가 마음에 들어 구매했는데, 실제로 받아보니 스테인리스 재질도 튼튼하고 마감도 훌륭했습니다. 보온/보냉 기능도 꽤 괜찮아서 아침에 넣어둔 얼음이 퇴근할 때까지 남아있는 경우도 많았습니다.다만, 뚜껑 부분이 조금 아쉽습니다. 완벽하게 밀폐되는 느낌이 아니라 가방에 넣고 다닐 때 약간 불안합니다. 물론 지금까지 물이 샌 적은 없지만, 좀 더 견고한 뚜껑이었다면 더욱 만족스러웠을 것 같습니다. 그리고 물병 입구가 좁아서 세척솔 없이는 꼼꼼하게 닦기 어렵다는 점도 개선되면 좋겠습니다.전반적으로는 디자인과 기능 모두 만족스러운 제품입니다. Google 스테인리스 물병이라는 이름에 걸맞게 품질도 괜찮지만, 뚜껑과 세척 편의성 부분에서 조금 더 신경 써주시면 완벽한 제품이 될 것 같습니다.",Facebook,@FacebookUser_1178_253
179,1179,5003,2025-03-05 2:02:41,"Google 에코백을 구매하고 며칠 사용해 본 솔직한 후기입니다. 디자인은 깔끔해서 마음에 들었지만, 생각보다 내구성이 약한 것 같아 조금 아쉽습니다. 몇 번 책을 넣고 다녔더니 가방끈이 약간 늘어지는 느낌이 들었습니다.또한, 재질이 얇아서 그런지 물건을 많이 넣으면 가방 형태가 쉽게 흐트러지는 점도 불편했습니다. Google이라는 브랜드 이미지를 생각하면, 조금 더 튼튼한 재질로 만들어졌으면 좋았을 것 같습니다.배송은 비교적 빨랐지만, 포장 상태는 다소 아쉬웠습니다. 제품 보호를 위한 완충재가 부족해서 가방에 약간의 구김이 있었습니다.전반적으로 디자인은 만족스럽지만, 내구성과 포장 부분에서 개선이 필요하다고 생각합니다. 다음에는 더 튼튼하고 실용적인 Google 에코백을 기대해 봅니다.",Twitter,@TwitterUser_1179_766
180,1180,5009,2025-03-21 4:41:53,"Google 머그컵, 매일 아침을 특별하게 만들어주는 마법!심플하면서도 세련된 디자인에 끌려 Google 머그컵을 구매했는데, 받아보니 기대 이상으로 만족스럽습니다. 우선 튼튼한 도자기 재질이 마음에 들었고, 손잡이 그립감도 아주 편안해서 매일 아침 따뜻한 커피를 마시는 시간이 더욱 즐거워졌습니다.Google 로고가 은은하게 새겨져 있어 볼 때마다 기분이 좋아지고, 회사 동료들도 예쁘다고 칭찬해줘서 어깨가 으쓱합니다. 세척도 간편하고 전자레인지 사용도 가능해서 실용성까지 갖춘 완벽한 머그컵이라고 생각합니다.포장도 꼼꼼하게 되어 파손 걱정 없이 안전하게 배송되었고, 배송도 빨라서 더욱 만족스러웠습니다. 앞으로도 Google Merchandise Store에서 좋은 상품 많이 구매하고 싶습니다. Google 머그컵 덕분에 매일 아침이 행복합니다!",YouTube,@YouTubeUser_1180_119
181,1181,5005,2025-02-17 2:06:54,"Google 스마트 스피커를 구매하여 사용한 지 3개월 정도 되었습니다. 전반적으로 디자인은 깔끔하고 인테리어 소품으로도 손색이 없지만, 솔직히 가격 대비 성능은 기대에 미치지 못했습니다.특히 한국어 음성 인식률이 아쉬운 부분이 많습니다. 발음이 정확하지 않으면 명령어를 제대로 인식하지 못하는 경우가 잦습니다. 또한, Wi-Fi 연결이 불안정하여 음악 스트리밍이 끊기는 현상이 종종 발생합니다.Google 스마트 스피커의 활용도를 높이기 위해서는 한국어 음성 인식률 개선과 Wi-Fi 연결 안정화가 시급하다고 생각합니다. 이 부분들이 개선된다면 더욱 만족스러운 제품이 될 것 같습니다.",Instagram,@InstagramUser_1181_943
182,1182,5001,2025-06-22 3:54:55,"Google 에코백, 드디어 제 손에 들어왔네요! 평소에 심플하면서도 세련된 디자인을 선호하는데, Google 에코백이 딱 그런 스타일이라 보자마자 마음에 쏙 들었습니다. 튼튼한 재질 덕분에 책이나 노트북을 넣어도 쳐지거나 불안한 느낌이 전혀 없어요. 어깨에 멨을 때 착용감도 편안하고, 내부 공간도 넉넉해서 이것저것 많이 넣고 다니는 저에게는 정말 유용합니다. 깔끔한 Google 로고가 은근히 포인트가 되어서 어떤 옷차림에도 잘 어울리는 것도 장점이에요. 배송도 빨라서 기다리는 시간이 지루하지 않았습니다. 앞으로 데일리백으로 애용할 것 같아요! Google Merchandise Store에서 좋은 상품을 만나게 되어 기쁩니다.",블로그,@BlogUser_1182_285
183,1183,5004,2024-11-02 13:50:51,"Google 로고 티셔츠, 깔끔함과 편안함에 매일 손이 갑니다!평소 심플한 디자인을 선호하는 편이라 Google 로고 티셔츠를 보자마자 망설임 없이 구매했습니다. 받아보니 화면에서 보던 것보다 훨씬 더 깔끔하고 세련된 느낌이라 만족스러웠습니다. 면 소재도 부드럽고 땀 흡수도 잘 되어 여름에도 쾌적하게 입을 수 있을 것 같아요.무엇보다 티셔츠 자체의 품질이 정말 좋았습니다. 꼼꼼한 박음질은 물론이고, 몇 번 세탁했는데도 변형 없이 처음과 같은 핏을 유지하는 점이 마음에 듭니다. 평소 캐주얼하게 입는 스타일이라 청바지나 면바지에 매치하기 좋고, 재킷 안에 레이어드해서 입어도 잘 어울립니다.배송도 빨랐고, 포장도 깔끔하게 되어 있어 기분 좋게 받을 수 있었습니다. Google 로고 티셔츠는 데일리룩으로 활용하기 좋은 아이템이라 앞으로도 자주 애용할 것 같습니다. 주변 사람들에게도 적극 추천하고 싶네요!",Instagram,@InstagramUser_1183_314
184,1184,5009,2025-04-13 2:49:44,"Google 머그컵을 구매하여 사용한 지 2주 정도 되었습니다. 깔끔한 디자인이 마음에 들어서 보자마자 구매를 결정했는데, 실제로 받아보니 사진에서 보는 것보다 훨씬 더 예쁩니다. 사무실 책상에 놓으니 분위기가 한층 밝아지는 느낌입니다. 재질도 튼튼해 보이고 그립감도 좋아서 매일 아침 커피를 마실 때 애용하고 있습니다.다만, 아쉬운 점이 있다면 생각보다 머그컵의 용량이 크지 않다는 것입니다. 평소에 커피를 많이 마시는 저에게는 조금 작게 느껴집니다. 그리고 머그컵 표면에 약간의 스크래치가 있는 것을 발견했는데, 사용에는 지장이 없지만 꼼꼼한 검수가 이루어졌으면 좋겠다는 생각이 들었습니다. 전체적으로 만족스럽지만, 용량과 마감 부분에서 조금 더 개선된다면 더욱 완벽한 Google 머그컵이 될 것 같습니다.",YouTube,@YouTubeUser_1184_315
185,1185,5010,2024-11-10 21:15:48,"Google 머그컵 사용자 리뷰:평소에 Google 제품을 좋아해서 Google 머그컵을 구매해 보았습니다. 깔끔한 디자인은 역시 기대를 저버리지 않네요. 사무실에서 사용하고 있는데, 심플하면서도 세련된 느낌이 들어서 만족스럽습니다. 머그컵 용량도 적당해서 커피나 차를 마시기에 딱 좋습니다.다만, 아쉬운 점도 있습니다. 생각보다 컵 표면에 스크래치가 잘 생기는 것 같습니다. 조심해서 사용하고 있는데도 불구하고 미세한 흠집들이 조금씩 보이네요. 그리고 가격이 조금만 더 저렴했으면 좋았을 것 같다는 생각도 듭니다. 품질은 괜찮지만, 가격 대비 성능을 고려했을 때 약간 아쉬움이 남습니다. 그래도 전반적으로는 만족하며 사용하고 있습니다. Google 머그컵, 디자인만큼은 정말 훌륭합니다.",X,@XUser_1185_472
186,1186,5001,2024-12-25 0:42:52,"Google 머그컵, 드디어 제 손에 들어왔네요! 평소 깔끔한 디자인을 선호하는 저에게 딱 맞는 머그컵입니다. 군더더기 없이 심플하면서도 Google 로고가 은은하게 새겨져 있어 세련된 느낌을 줍니다.사무실에서 매일 사용하고 있는데, 그립감도 좋고 용량도 넉넉해서 커피나 차를 마시기에 아주 좋습니다. 무엇보다 도자기 재질이 고급스러워서 그런지 음료 맛도 더 좋게 느껴지는 것 같아요. 설거지할 때도 세척이 용이해서 편리합니다.포장도 꼼꼼하게 신경 써서 보내주신 덕분에 안전하게 잘 받았습니다. Google 머그컵 덕분에 매일 커피 마시는 시간이 더욱 즐거워졌습니다. 오래오래 아껴서 잘 사용하겠습니다! 적극 추천합니다!",Instagram,@InstagramUser_1186_739
187,1187,5004,2025-02-13 9:18:10,"Google 스테인리스 물병, 드디어 제 손에 들어왔습니다! 평소에 Google 굿즈에 관심이 많았는데, 실물로 보니 기대 이상으로 훨씬 예쁘네요. 심플하면서도 세련된 디자인이 마음에 쏙 들고, Google 로고가 은은하게 새겨져 있어 고급스러움까지 더해줍니다.무엇보다 스테인리스 재질이라 위생적이고, 보온/보냉 기능도 뛰어나서 사계절 내내 유용하게 사용할 수 있을 것 같아요. 오늘 아침에 얼음을 넣어 나왔는데, 퇴근 시간까지 시원함이 그대로 유지되어서 정말 놀랐습니다. 뚜껑도 견고하게 잘 닫히고, 입구가 넓어서 세척하기도 편리하네요.배송도 꼼꼼하게 포장되어 빠르게 도착했고, 전체적으로 아주 만족스러운 구매였습니다. 앞으로도 Google 스테인리스 물병, 애용할 것 같아요! 주변 사람들에게도 적극 추천하고 싶습니다.",X,@XUser_1187_525
188,1188,5003,2025-02-07 0:46:47,"네스트 허브를 사용한 지 한 달 정도 되었는데, 정말 삶의 질이 향상된 느낌입니다. 깔끔하고 모던한 디자인 덕분에 어느 인테리어에도 잘 어울려서 거실에 두니 인테리어 소품으로도 손색이 없습니다. 특히 음성 인식 기능이 매우 뛰어나서 요리 중이거나 손이 자유롭지 못할 때도 간단한 질문이나 명령을 내릴 수 있어서 정말 편리합니다.아침에 날씨를 물어보거나, 좋아하는 음악을 틀어달라고 하는 등 다양한 기능을 음성으로 제어할 수 있다는 점이 가장 만족스럽습니다. 또한, 구글 홈 앱과의 연동도 매우 간편하여 스마트 홈 환경을 구축하는 데 큰 도움이 되었습니다. 배송도 꼼꼼하게 포장되어 안전하게 도착했고, 제품의 품질 또한 매우 만족스럽습니다. 네스트 허브 덕분에 더욱 편리하고 즐거운 일상을 보내고 있습니다.",블로그,@BlogUser_1188_856
189,1189,5003,2025-02-27 3:16:41,"Google 로고 티셔츠를 구매하고 정말 만족스러워서 후기를 남깁니다. 평소 심플하면서도 개성 있는 디자인을 선호하는데, Google 로고가 깔끔하게 박혀 있어서 보자마자 마음에 쏙 들었습니다. 티셔츠 재질도 너무 좋아서 놀랐습니다. 부드러운 면 소재라 착용감이 정말 편안하고 땀 흡수도 잘 되는 것 같습니다. 세탁 후에도 변형이 거의 없고, 색상도 그대로 유지되는 점이 특히 마음에 듭니다. 배송도 빨랐고, 포장도 꼼꼼하게 되어 있어서 받는 순간 기분이 좋았습니다. 평소 캐주얼하게 입는 것을 좋아하는데, Google 로고 티셔츠는 어떤 옷에도 잘 어울려서 활용도가 높습니다. 앞으로도 자주 애용할 것 같습니다. 좋은 상품 판매해주셔서 감사합니다!",Instagram,@InstagramUser_1189_736
190,1190,5010,2024-12-04 15:48:43,"Google 스테인리스 물병 리뷰평소에 물을 많이 마시는 편이라 예쁜 물병을 찾고 있었는데, Google Merchandise Store에서 판매하는 'Google 스테인리스 물병'을 보자마자 망설임 없이 구매했습니다. 깔끔하고 심플한 디자인이 너무 마음에 들었고, Google 로고가 은은하게 새겨져 있는 점도 좋았습니다.스테인리스 재질이라 위생적이고, 보온/보냉 기능도 훌륭해서 오랫동안 시원하거나 따뜻하게 음료를 즐길 수 있다는 점이 가장 만족스럽습니다. 특히 여름에 얼음을 넣어두면 오랫동안 녹지 않아서 정말 유용하게 사용하고 있습니다. 또한, 뚜껑이 튼튼하게 밀폐되어 물이 새는 걱정 없이 가방에 넣고 다닐 수 있어서 편리합니다. 세척도 간편해서 매일 사용하기에 부담이 없습니다.배송도 빨랐고, 포장도 꼼꼼하게 되어 있어서 기분 좋게 제품을 받아볼 수 있었습니다. 디자인, 기능, 품질 모든 면에서 만족스러운 제품이라 주변 사람들에게도 적극 추천하고 싶습니다. 앞으로도 Google Merchandise Store에서 좋은 제품 많이 판매해 주시면 좋겠습니다.",Threads,@ThreadsUser_1190_351
191,1191,5004,2024-12-02 19:36:32,"Google 로고 티셔츠, 정말 만족스러워요!평소에 Google을 좋아해서 Google Merchandise Store에서 옷을 자주 구매하는 편입니다. 이번에 구매한 Google 로고 티셔츠는 기대 이상으로 품질이 뛰어나서 정말 만족스럽습니다.우선, 디자인이 깔끔하고 세련되어서 어느 옷에나 잘 어울립니다. 특히 Google 로고가 과하지 않게 포인트로 들어가 있어서 더욱 마음에 듭니다. 재질도 부드럽고 착용감이 좋아서 하루 종일 입고 있어도 불편함이 없습니다. 세탁 후에도 변형이 거의 없고, 색상도 그대로 유지되는 점이 좋았습니다.배송도 매우 빨랐고, 포장도 꼼꼼하게 되어 있어서 받는 순간부터 기분이 좋았습니다. Google 로고 티셔츠는 앞으로도 꾸준히 애용할 것 같습니다. 주변 사람들에게도 적극 추천하고 싶습니다.",네이버카페,@Naver카페User_1191_988
192,1192,5007,2025-06-20 16:21:22," Google 백팩 사용자 리뷰저는 최근에 Google Merchandise Store에서 구매한 Google 백팩에 매우 만족하고 있습니다. 깔끔하고 세련된 디자인이 마음에 쏙 들었고, 어느 옷차림에도 잘 어울려서 매일 들고 다니고 있어요. 특히 수납공간이 넉넉해서 노트북, 책, 개인 소지품 등을 효율적으로 정리할 수 있다는 점이 가장 좋습니다.가방 재질도 튼튼하고 방수 기능도 어느 정도 있어서 안심하고 사용할 수 있습니다. 어깨끈도 폭신해서 장시간 착용해도 어깨에 부담이 덜합니다. Google 백팩 덕분에 출근길이 훨씬 편안해졌습니다. 배송도 빨랐고 포장도 꼼꼼하게 되어 있어서 기분 좋게 받았습니다. 전체적으로 가격 대비 훌륭한 품질이라고 생각하며, 주변 사람들에게도 적극 추천하고 싶습니다.",Facebook,@FacebookUser_1192_880
193,1193,5009,2025-01-14 11:01:55,"Google 백팩 구매 후기평소 심플한 디자인을 선호하는 저에게 Google 백팩은 완벽한 선택이었습니다. 군더더기 없이 깔끔한 외관에 Google 로고가 은은하게 새겨져 있어 더욱 마음에 듭니다.특히 수납 공간이 넉넉하고 분리도 잘 되어 있어 노트북, 책, 개인 소지품 등을 효율적으로 정리할 수 있다는 점이 가장 만족스럽습니다. 어깨끈도 폭신해서 장시간 착용해도 어깨에 부담이 덜하고, 전체적인 마감도 꼼꼼하게 되어 있어 오랫동안 튼튼하게 사용할 수 있을 것 같습니다.배송 또한 매우 빨라서 주문 후 며칠 만에 받아볼 수 있었습니다. 앞으로 Google 백팩과 함께 더욱 편리하고 스타일리시한 생활을 즐길 수 있을 것 같습니다. 정말 잘 샀다는 생각이 드네요!",네이버카페,@Naver카페User_1193_531
194,1194,5009,2025-03-23 1:57:53," Google 머그컵 사용 후기평소 Google 제품을 애용하는 터라 Google 머그컵을 보자마자 망설임 없이 구매했습니다. 깔끔한 디자인은 역시 기대를 저버리지 않았고, 책상 위에 올려두니 심플하면서도 세련된 느낌이 마음에 듭니다. 특히 머그컵의 그립감이 좋아서 매일 아침 커피를 마실 때 만족스럽게 사용하고 있습니다.다만, 아쉬운 점이 있다면 생각보다 머그컵의 용량이 크지 않다는 것입니다. 평소 큰 사이즈의 머그컵을 선호하는 저에게는 조금 작게 느껴졌습니다. 또한, 가격이 다소 높은 편이라 가격 대비 성능을 고려했을 때 약간 망설여지는 부분이 있었습니다. 그래도 전체적으로 봤을 때 Google 머그컵은 디자인과 실용성을 겸비한 괜찮은 제품이라고 생각합니다. 선물용으로도 좋을 것 같아요.",Twitter,@TwitterUser_1194_810
195,1195,5003,2025-02-05 21:31:27,"평소에 유튜브나 넷플릭스를 TV로 보고 싶었는데, 드디어 크롬캐스트를 구매하게 되었습니다. 설치도 너무 간단해서 설명서 한 번 쓱 보고 바로 연결했어요. 복잡한 설정 없이 스마트폰으로 바로 연결되니 정말 편리하네요. 화질도 깨끗하고 끊김 없이 부드럽게 영상이 나와서 영화 볼 때 몰입감이 엄청납니다.특히 저는 미러링 기능이 정말 마음에 들어요. 스마트폰에 있는 사진이나 영상을 가족들과 함께 큰 화면으로 볼 수 있어서 좋았습니다. 디자인도 깔끔하고 작아서 TV 뒤에 숨겨놓으니 눈에 띄지도 않고요. 배송도 빨랐고 포장도 꼼꼼하게 되어 있어서 만족합니다. 크롬캐스트 덕분에 집에서 보내는 시간이 훨씬 즐거워졌습니다! 고민하시는 분들께 강력 추천합니다.",Instagram,@InstagramUser_1195_503
196,1196,5010,2024-12-04 9:08:54,"Google Merchandise Store에서 구매한 Google 로고 티셔츠에 대한 솔직한 후기입니다. 평소 Google을 좋아해서 기대감을 안고 티셔츠를 주문했는데, 아쉬운 점이 몇 가지 있었습니다.우선, 티셔츠의 재질이 생각보다 얇았습니다. 몇 번 세탁하면 쉽게 늘어날 것 같아 내구성이 염려됩니다. Google 로고 티셔츠인 만큼 좀 더 튼튼하고 오래 입을 수 있는 재질을 사용했으면 좋겠습니다. 또한, 배송 과정에서 약간의 지연이 있었습니다. 급하게 필요한 것은 아니었지만, 안내받은 배송 예정일보다 늦게 도착해서 조금 불편했습니다.전반적으로 디자인은 만족스럽지만, 품질과 배송 부분에서 개선이 이루어진다면 더욱 많은 고객들이 만족할 수 있을 것 같습니다. 다음 구매 시에는 이러한 점들이 개선되었기를 기대합니다.",Twitter,@TwitterUser_1196_754
197,1197,5009,2025-05-07 19:55:06,"크롬캐스트 사용 후기: 아쉬움이 남는 몇 가지 부분평소 유튜브나 넷플릭스를 TV로 간편하게 보고 싶어서 크롬캐스트를 구매했습니다. 설치는 간단했지만, 사용하면서 몇 가지 아쉬운 점이 있었습니다.가장 불편했던 점은 와이파이 연결이 불안정하다는 것입니다. 가끔 끊김 현상이 발생하여 영상 시청에 방해를 받았습니다. 공유기와의 거리가 멀지 않은데도 불구하고 이런 문제가 발생하는 것을 보면 크롬캐스트 자체의 수신 성능에 문제가 있는 것은 아닌지 의심스럽습니다.또한, 앱 캐스팅 시 반응 속도가 다소 느립니다. 스마트폰에서 영상을 선택하고 TV 화면에 나타나기까지 약간의 딜레이가 발생합니다. 빠른 반응 속도를 기대했던 저에게는 조금 답답하게 느껴졌습니다.물론 가격 대비 괜찮은 성능이라고 생각하지만, 와이파이 연결 안정성과 반응 속도 개선이 이루어진다면 훨씬 더 만족스러운 제품이 될 것 같습니다. 다음 버전에서는 이러한 점들이 개선되기를 기대합니다.",X,@XUser_1197_619
198,1198,5009,2025-05-16 3:45:39,"Google 후드티 리뷰:며칠 전 Google Merchandise Store에서 구매한 Google 후드티가 드디어 도착했습니다! 평소 심플한 디자인을 선호하는데, 군더더기 없이 깔끔한 Google 로고가 마음에 쏙 들었습니다. 무엇보다 가장 만족스러운 점은 역시 품질입니다. 부드러운 기모 안감 덕분에 착용감이 정말 포근하고 따뜻합니다. 쌀쌀한 날씨에 가볍게 걸치기 좋고, 활동성도 뛰어나서 집에서나 외출할 때나 자주 손이 갑니다. 배송도 생각보다 빨라서 놀랐습니다. 포장도 꼼꼼하게 신경 쓴 덕분에 기분 좋게 언박싱 할 수 있었습니다. 전체적으로 가격 대비 만족도가 매우 높은 제품입니다. 앞으로도 Google Merchandise Store를 자주 이용할 것 같습니다!",블로그,@BlogUser_1198_916
199,1199,5002,2025-03-26 5:22:49,"Pixel 폰 케이스를 구매하여 사용한 지 한 달 정도 되었습니다. 일단 디자인이 깔끔하고 Pixel 폰에 완벽하게 들어맞는다는 점이 마음에 듭니다. 그립감도 괜찮고, 카메라 부분 보호도 잘 되는 것 같아 안심하고 사용하고 있습니다.다만, 가격대가 조금 높은 편이라는 점은 아쉽습니다. 다른 폰 케이스에 비해 확실히 비싼 느낌이 듭니다. 또한, 케이스 재질 특성상 먼지가 잘 묻어나는 경향이 있습니다. 자주 닦아줘야 깔끔하게 유지할 수 있다는 점이 조금 번거롭습니다.전반적으로 퀄리티는 만족스럽지만, 가격과 먼지 문제를 고려했을 때 완벽하다고 말하기는 어렵습니다. 그래도 Pixel 폰에 최적화된 케이스를 찾으신다면 고려해 볼 만한 선택지라고 생각합니다.",네이버카페,@Naver카페User_1199_413
200,1200,5005,2025-03-14 16:02:59,"Google Merchandise Store에서 구매한 Google 백팩, 정말 만족스럽습니다. 깔끔한 디자인에 Google 로고가 은은하게 새겨져 있어 어디에든 잘 어울립니다. 수납 공간도 넉넉해서 노트북, 책, 개인 소지품 등을 효율적으로 정리할 수 있다는 점이 특히 좋았습니다. 어깨끈도 편안하고 등받이 부분도 통풍이 잘 되도록 설계되어 장시간 착용해도 불편함이 없었습니다. 튼튼한 재질 덕분에 오랫동안 사용할 수 있을 것 같습니다. 배송도 빨랐고 포장 상태도 꼼꼼했습니다. 전체적으로 가격 대비 훌륭한 품질을 자랑하는 제품이라고 생각합니다. Google 백팩, 적극 추천합니다!",블로그,@BlogUser_1200_913